商家id:1	商家出货量:8475
商家id:10	商家出货量:1155
商家id:100	商家出货量:133
商家id:1000	商家出货量:526
商家id:1001	商家出货量:44
商家id:1002	商家出货量:114
商家id:1003	商家出货量:80
商家id:1004	商家出货量:56
商家id:1005	商家出货量:35
商家id:1006	商家出货量:95
商家id:1007	商家出货量:51
商家id:1008	商家出货量:73
商家id:1009	商家出货量:109
商家id:101	商家出货量:186
商家id:1010	商家出货量:258
商家id:1011	商家出货量:249
商家id:1012	商家出货量:180
商家id:1013	商家出货量:536
商家id:1014	商家出货量:70
商家id:1015	商家出货量:101
商家id:1016	商家出货量:114
商家id:1017	商家出货量:104
商家id:1018	商家出货量:137
商家id:1019	商家出货量:272
商家id:102	商家出货量:629
商家id:1020	商家出货量:155
商家id:1021	商家出货量:67
商家id:1022	商家出货量:412
商家id:1023	商家出货量:93
商家id:1024	商家出货量:73
商家id:1025	商家出货量:71
商家id:1026	商家出货量:210
商家id:1027	商家出货量:386
商家id:1028	商家出货量:147
商家id:1029	商家出货量:228
商家id:103	商家出货量:41
商家id:1030	商家出货量:20
商家id:1031	商家出货量:1876
商家id:1032	商家出货量:33
商家id:1033	商家出货量:42
商家id:1034	商家出货量:15
商家id:1035	商家出货量:76
商家id:1036	商家出货量:32
商家id:1037	商家出货量:98
商家id:1038	商家出货量:306
商家id:1039	商家出货量:63
商家id:104	商家出货量:401
商家id:1040	商家出货量:134
商家id:1041	商家出货量:60
商家id:1042	商家出货量:66
商家id:1043	商家出货量:1622
商家id:1044	商家出货量:78
商家id:1045	商家出货量:33
商家id:1046	商家出货量:43
商家id:1047	商家出货量:130
商家id:1048	商家出货量:19
商家id:1049	商家出货量:842
商家id:105	商家出货量:12
商家id:1050	商家出货量:421
商家id:1051	商家出货量:75
商家id:1052	商家出货量:34
商家id:1053	商家出货量:53
商家id:1054	商家出货量:88
商家id:1055	商家出货量:29
商家id:1056	商家出货量:3821
商家id:1057	商家出货量:58
商家id:1058	商家出货量:1184
商家id:1059	商家出货量:224
商家id:106	商家出货量:209
商家id:1060	商家出货量:93
商家id:1061	商家出货量:19
商家id:1062	商家出货量:248
商家id:1063	商家出货量:88
商家id:1064	商家出货量:114
商家id:1065	商家出货量:347
商家id:1066	商家出货量:66
商家id:1067	商家出货量:640
商家id:1068	商家出货量:161
商家id:1069	商家出货量:55
商家id:107	商家出货量:78
商家id:1070	商家出货量:25
商家id:1071	商家出货量:91
商家id:1072	商家出货量:50
商家id:1073	商家出货量:119
商家id:1074	商家出货量:215
商家id:1075	商家出货量:173
商家id:1076	商家出货量:229
商家id:1077	商家出货量:213
商家id:1078	商家出货量:24
商家id:1079	商家出货量:127
商家id:108	商家出货量:14
商家id:1080	商家出货量:31
商家id:1081	商家出货量:81
商家id:1082	商家出货量:41
商家id:1083	商家出货量:24
商家id:1084	商家出货量:174
商家id:1085	商家出货量:73
商家id:1086	商家出货量:12
商家id:1087	商家出货量:2580
商家id:1088	商家出货量:88
商家id:1089	商家出货量:105
商家id:109	商家出货量:82
商家id:1090	商家出货量:638
商家id:1091	商家出货量:62
商家id:1092	商家出货量:62
商家id:1093	商家出货量:260
商家id:1094	商家出货量:97
商家id:1095	商家出货量:66
商家id:1096	商家出货量:327
商家id:1097	商家出货量:44
商家id:1098	商家出货量:98
商家id:1099	商家出货量:90
商家id:11	商家出货量:457
商家id:110	商家出货量:120
商家id:1100	商家出货量:137
商家id:1101	商家出货量:24
商家id:1102	商家出货量:8384
商家id:1103	商家出货量:762
商家id:1104	商家出货量:304
商家id:1105	商家出货量:19
商家id:1106	商家出货量:41
商家id:1107	商家出货量:41
商家id:1108	商家出货量:159
商家id:1109	商家出货量:39
商家id:111	商家出货量:665
商家id:1110	商家出货量:30
商家id:1111	商家出货量:332
商家id:1112	商家出货量:51
商家id:1113	商家出货量:2311
商家id:1114	商家出货量:40
商家id:1115	商家出货量:477
商家id:1116	商家出货量:407
商家id:1117	商家出货量:304
商家id:1118	商家出货量:22
商家id:1119	商家出货量:65
商家id:112	商家出货量:109
商家id:1120	商家出货量:11
商家id:1121	商家出货量:39
商家id:1122	商家出货量:209
商家id:1123	商家出货量:305
商家id:1124	商家出货量:83
商家id:1125	商家出货量:157
商家id:1126	商家出货量:563
商家id:1127	商家出货量:650
商家id:1128	商家出货量:57
商家id:1129	商家出货量:94
商家id:113	商家出货量:39
商家id:1130	商家出货量:56
商家id:1131	商家出货量:1658
商家id:1132	商家出货量:91
商家id:1133	商家出货量:443
商家id:1134	商家出货量:580
商家id:1135	商家出货量:37
商家id:1136	商家出货量:76
商家id:1137	商家出货量:180
商家id:1138	商家出货量:878
商家id:1139	商家出货量:71
商家id:114	商家出货量:536
商家id:1140	商家出货量:292
商家id:1141	商家出货量:94
商家id:1142	商家出货量:266
商家id:1143	商家出货量:56
商家id:1144	商家出货量:69
商家id:1145	商家出货量:442
商家id:1146	商家出货量:38
商家id:1147	商家出货量:40
商家id:1148	商家出货量:33
商家id:1149	商家出货量:56
商家id:115	商家出货量:54
商家id:1150	商家出货量:372
商家id:1151	商家出货量:398
商家id:1152	商家出货量:22
商家id:1153	商家出货量:17
商家id:1154	商家出货量:69
商家id:1155	商家出货量:109
商家id:1156	商家出货量:150
商家id:1157	商家出货量:98
商家id:1158	商家出货量:29
商家id:1159	商家出货量:117
商家id:116	商家出货量:97
商家id:1160	商家出货量:57
商家id:1161	商家出货量:153
商家id:1162	商家出货量:546
商家id:1163	商家出货量:122
商家id:1164	商家出货量:41
商家id:1165	商家出货量:126
商家id:1166	商家出货量:529
商家id:1167	商家出货量:129
商家id:1168	商家出货量:463
商家id:1169	商家出货量:36
商家id:117	商家出货量:57
商家id:1170	商家出货量:42
商家id:1171	商家出货量:235
商家id:1172	商家出货量:167
商家id:1173	商家出货量:567
商家id:1174	商家出货量:27
商家id:1175	商家出货量:246
商家id:1176	商家出货量:22
商家id:1177	商家出货量:21
商家id:1178	商家出货量:75
商家id:1179	商家出货量:78
商家id:118	商家出货量:154
商家id:1180	商家出货量:62
商家id:1181	商家出货量:38
商家id:1182	商家出货量:121
商家id:1183	商家出货量:90
商家id:1184	商家出货量:363
商家id:1185	商家出货量:135
商家id:1186	商家出货量:78
商家id:1187	商家出货量:317
商家id:1188	商家出货量:1302
商家id:1189	商家出货量:194
商家id:119	商家出货量:20
商家id:1190	商家出货量:471
商家id:1191	商家出货量:14
商家id:1192	商家出货量:27
商家id:1193	商家出货量:330
商家id:1194	商家出货量:60
商家id:1195	商家出货量:61
商家id:1196	商家出货量:37
商家id:1197	商家出货量:28
商家id:1198	商家出货量:31
商家id:1199	商家出货量:126
商家id:12	商家出货量:29
商家id:120	商家出货量:620
商家id:1200	商家出货量:1981
商家id:1201	商家出货量:26
商家id:1202	商家出货量:49
商家id:1203	商家出货量:2303
商家id:1204	商家出货量:263
商家id:1205	商家出货量:126
商家id:1206	商家出货量:41
商家id:1207	商家出货量:55
商家id:1208	商家出货量:23
商家id:1209	商家出货量:25
商家id:121	商家出货量:3504
商家id:1210	商家出货量:56
商家id:1211	商家出货量:219
商家id:1212	商家出货量:130
商家id:1213	商家出货量:87
商家id:1214	商家出货量:19
商家id:1215	商家出货量:12
商家id:1216	商家出货量:196
商家id:1217	商家出货量:65
商家id:1218	商家出货量:471
商家id:1219	商家出货量:28
商家id:122	商家出货量:29
商家id:1220	商家出货量:14
商家id:1221	商家出货量:110
商家id:1222	商家出货量:34
商家id:1223	商家出货量:132
商家id:1224	商家出货量:23
商家id:1225	商家出货量:99
商家id:1226	商家出货量:37
商家id:1227	商家出货量:32
商家id:1228	商家出货量:714
商家id:1229	商家出货量:110
商家id:123	商家出货量:26
商家id:1230	商家出货量:149
商家id:1231	商家出货量:217
商家id:1232	商家出货量:25
商家id:1233	商家出货量:48
商家id:1234	商家出货量:219
商家id:1235	商家出货量:81
商家id:1236	商家出货量:1307
商家id:1237	商家出货量:84
商家id:1238	商家出货量:108
商家id:1239	商家出货量:115
商家id:124	商家出货量:87
商家id:1240	商家出货量:60
商家id:1241	商家出货量:30
商家id:1242	商家出货量:170
商家id:1243	商家出货量:86
商家id:1244	商家出货量:33
商家id:1245	商家出货量:97
商家id:1246	商家出货量:131
商家id:1247	商家出货量:92
商家id:1248	商家出货量:106
商家id:1249	商家出货量:87
商家id:125	商家出货量:28
商家id:1250	商家出货量:496
商家id:1251	商家出货量:42
商家id:1252	商家出货量:29
商家id:1253	商家出货量:701
商家id:1254	商家出货量:73
商家id:1255	商家出货量:67
商家id:1256	商家出货量:291
商家id:1257	商家出货量:2890
商家id:1258	商家出货量:21
商家id:1259	商家出货量:56
商家id:1260	商家出货量:49
商家id:1261	商家出货量:16
商家id:1262	商家出货量:148
商家id:1263	商家出货量:199
商家id:1264	商家出货量:91
商家id:1265	商家出货量:29
商家id:1266	商家出货量:4
商家id:1267	商家出货量:34
商家id:1268	商家出货量:184
商家id:1269	商家出货量:181
商家id:127	商家出货量:232
商家id:1270	商家出货量:298
商家id:1271	商家出货量:88
商家id:1272	商家出货量:3005
商家id:1273	商家出货量:71
商家id:1274	商家出货量:119
商家id:1275	商家出货量:80
商家id:1276	商家出货量:159
商家id:1277	商家出货量:1334
商家id:1278	商家出货量:25
商家id:1279	商家出货量:22
商家id:128	商家出货量:33
商家id:1280	商家出货量:94
商家id:1281	商家出货量:199
商家id:1282	商家出货量:39
商家id:1283	商家出货量:478
商家id:1284	商家出货量:56
商家id:1285	商家出货量:171
商家id:1286	商家出货量:210
商家id:1287	商家出货量:14
商家id:1288	商家出货量:82
商家id:1289	商家出货量:3
商家id:129	商家出货量:97
商家id:1290	商家出货量:96
商家id:1291	商家出货量:162
商家id:1292	商家出货量:43
商家id:1293	商家出货量:92
商家id:1294	商家出货量:17
商家id:1295	商家出货量:26
商家id:1296	商家出货量:56
商家id:1297	商家出货量:147
商家id:1298	商家出货量:179
商家id:1299	商家出货量:26
商家id:13	商家出货量:537
商家id:130	商家出货量:45
商家id:1300	商家出货量:48
商家id:1301	商家出货量:101
商家id:1302	商家出货量:469
商家id:1303	商家出货量:28
商家id:1304	商家出货量:1034
商家id:1305	商家出货量:228
商家id:1306	商家出货量:20
商家id:1307	商家出货量:64
商家id:1308	商家出货量:165
商家id:1309	商家出货量:17
商家id:131	商家出货量:238
商家id:1310	商家出货量:1505
商家id:1311	商家出货量:100
商家id:1312	商家出货量:35
商家id:1313	商家出货量:11
商家id:1314	商家出货量:24
商家id:1315	商家出货量:16
商家id:1316	商家出货量:21
商家id:1317	商家出货量:29
商家id:1318	商家出货量:430
商家id:1319	商家出货量:23
商家id:132	商家出货量:184
商家id:1320	商家出货量:31
商家id:1321	商家出货量:108
商家id:1322	商家出货量:326
商家id:1323	商家出货量:64
商家id:1324	商家出货量:104
商家id:1325	商家出货量:33
商家id:1326	商家出货量:190
商家id:1327	商家出货量:87
商家id:1328	商家出货量:53
商家id:1329	商家出货量:197
商家id:133	商家出货量:526
商家id:1330	商家出货量:260
商家id:1331	商家出货量:130
商家id:1332	商家出货量:216
商家id:1333	商家出货量:29
商家id:1334	商家出货量:91
商家id:1335	商家出货量:23
商家id:1336	商家出货量:20
商家id:1337	商家出货量:162
商家id:1338	商家出货量:647
商家id:1339	商家出货量:115
商家id:134	商家出货量:48
商家id:1340	商家出货量:2395
商家id:1341	商家出货量:64
商家id:1342	商家出货量:379
商家id:1343	商家出货量:37
商家id:1344	商家出货量:54
商家id:1345	商家出货量:74
商家id:1346	商家出货量:3339
商家id:1347	商家出货量:77
商家id:1348	商家出货量:106
商家id:1349	商家出货量:43
商家id:135	商家出货量:69
商家id:1350	商家出货量:298
商家id:1351	商家出货量:16
商家id:1352	商家出货量:716
商家id:1353	商家出货量:437
商家id:1354	商家出货量:63
商家id:1355	商家出货量:99
商家id:1356	商家出货量:933
商家id:1357	商家出货量:345
商家id:1358	商家出货量:155
商家id:1359	商家出货量:384
商家id:136	商家出货量:45
商家id:1360	商家出货量:44
商家id:1361	商家出货量:33
商家id:1362	商家出货量:53
商家id:1363	商家出货量:27
商家id:1364	商家出货量:709
商家id:1365	商家出货量:199
商家id:1366	商家出货量:88
商家id:1367	商家出货量:32
商家id:1368	商家出货量:35
商家id:1369	商家出货量:816
商家id:137	商家出货量:128
商家id:1370	商家出货量:865
商家id:1371	商家出货量:55
商家id:1372	商家出货量:59
商家id:1373	商家出货量:55
商家id:1374	商家出货量:62
商家id:1375	商家出货量:69
商家id:1376	商家出货量:130
商家id:1377	商家出货量:135
商家id:1378	商家出货量:115
商家id:1379	商家出货量:470
商家id:138	商家出货量:37
商家id:1380	商家出货量:40
商家id:1381	商家出货量:57
商家id:1382	商家出货量:106
商家id:1383	商家出货量:122
商家id:1384	商家出货量:102
商家id:1385	商家出货量:29
商家id:1386	商家出货量:16
商家id:1387	商家出货量:306
商家id:1388	商家出货量:40
商家id:1389	商家出货量:159
商家id:139	商家出货量:248
商家id:1390	商家出货量:87
商家id:1391	商家出货量:11
商家id:1392	商家出货量:77
商家id:1393	商家出货量:6709
商家id:1394	商家出货量:92
商家id:1395	商家出货量:42
商家id:1396	商家出货量:91
商家id:1397	商家出货量:39
商家id:1398	商家出货量:56
商家id:1399	商家出货量:841
商家id:14	商家出货量:286
商家id:140	商家出货量:113
商家id:1400	商家出货量:51
商家id:1401	商家出货量:74
商家id:1402	商家出货量:119
商家id:1403	商家出货量:161
商家id:1404	商家出货量:197
商家id:1405	商家出货量:63
商家id:1406	商家出货量:24
商家id:1407	商家出货量:266
商家id:1408	商家出货量:148
商家id:1409	商家出货量:20
商家id:141	商家出货量:2667
商家id:1410	商家出货量:195
商家id:1411	商家出货量:313
商家id:1412	商家出货量:526
商家id:1413	商家出货量:70
商家id:1414	商家出货量:57
商家id:1415	商家出货量:180
商家id:1416	商家出货量:52
商家id:1417	商家出货量:9
商家id:1418	商家出货量:257
商家id:1419	商家出货量:34
商家id:142	商家出货量:219
商家id:1420	商家出货量:59
商家id:1421	商家出货量:71
商家id:1422	商家出货量:304
商家id:1423	商家出货量:147
商家id:1424	商家出货量:33
商家id:1425	商家出货量:361
商家id:1426	商家出货量:919
商家id:1427	商家出货量:191
商家id:1428	商家出货量:114
商家id:1429	商家出货量:129
商家id:143	商家出货量:16
商家id:1430	商家出货量:18
商家id:1431	商家出货量:47
商家id:1432	商家出货量:88
商家id:1433	商家出货量:52
商家id:1434	商家出货量:87
商家id:1435	商家出货量:306
商家id:1436	商家出货量:41
商家id:1437	商家出货量:257
商家id:1438	商家出货量:45
商家id:1439	商家出货量:75
商家id:144	商家出货量:608
商家id:1440	商家出货量:46
商家id:1441	商家出货量:21
商家id:1442	商家出货量:85
商家id:1443	商家出货量:112
商家id:1444	商家出货量:111
商家id:1445	商家出货量:99
商家id:1446	商家出货量:267
商家id:1447	商家出货量:116
商家id:1448	商家出货量:142
商家id:1449	商家出货量:40
商家id:145	商家出货量:1443
商家id:1450	商家出货量:44
商家id:1451	商家出货量:195
商家id:1452	商家出货量:55
商家id:1453	商家出货量:50
商家id:1454	商家出货量:722
商家id:1455	商家出货量:17
商家id:1456	商家出货量:17
商家id:1457	商家出货量:146
商家id:1458	商家出货量:25
商家id:1459	商家出货量:81
商家id:146	商家出货量:61
商家id:1460	商家出货量:76
商家id:1461	商家出货量:2137
商家id:1462	商家出货量:94
商家id:1463	商家出货量:47
商家id:1464	商家出货量:146
商家id:1465	商家出货量:33
商家id:1466	商家出货量:329
商家id:1467	商家出货量:415
商家id:1468	商家出货量:80
商家id:1469	商家出货量:69
商家id:147	商家出货量:30
商家id:1470	商家出货量:635
商家id:1471	商家出货量:38
商家id:1472	商家出货量:1282
商家id:1473	商家出货量:225
商家id:1474	商家出货量:79
商家id:1475	商家出货量:183
商家id:1476	商家出货量:31
商家id:1477	商家出货量:97
商家id:1478	商家出货量:27
商家id:1479	商家出货量:23
商家id:148	商家出货量:1071
商家id:1480	商家出货量:3243
商家id:1481	商家出货量:199
商家id:1482	商家出货量:238
商家id:1483	商家出货量:112
商家id:1484	商家出货量:114
商家id:1485	商家出货量:1031
商家id:1486	商家出货量:136
商家id:1487	商家出货量:3178
商家id:1488	商家出货量:64
商家id:1489	商家出货量:590
商家id:149	商家出货量:31
商家id:1490	商家出货量:36
商家id:1491	商家出货量:159
商家id:1492	商家出货量:104
商家id:1493	商家出货量:29
商家id:1494	商家出货量:705
商家id:1495	商家出货量:1054
商家id:1496	商家出货量:121
商家id:1497	商家出货量:44
商家id:1498	商家出货量:35
商家id:1499	商家出货量:413
商家id:15	商家出货量:176
商家id:150	商家出货量:45
商家id:1500	商家出货量:1296
商家id:1501	商家出货量:1631
商家id:1502	商家出货量:643
商家id:1503	商家出货量:298
商家id:1504	商家出货量:134
商家id:1505	商家出货量:86
商家id:1506	商家出货量:164
商家id:1507	商家出货量:317
商家id:1508	商家出货量:14
商家id:1509	商家出货量:153
商家id:151	商家出货量:68
商家id:1510	商家出货量:41
商家id:1511	商家出货量:122
商家id:1512	商家出货量:686
商家id:1513	商家出货量:20
商家id:1514	商家出货量:630
商家id:1515	商家出货量:186
商家id:1516	商家出货量:76
商家id:1517	商家出货量:34
商家id:1518	商家出货量:15
商家id:1519	商家出货量:48
商家id:152	商家出货量:593
商家id:1520	商家出货量:476
商家id:1521	商家出货量:71
商家id:1522	商家出货量:443
商家id:1523	商家出货量:34
商家id:1524	商家出货量:353
商家id:1525	商家出货量:25
商家id:1526	商家出货量:387
商家id:1527	商家出货量:53
商家id:1528	商家出货量:117
商家id:1529	商家出货量:55
商家id:153	商家出货量:14
商家id:1530	商家出货量:50
商家id:1531	商家出货量:44
商家id:1532	商家出货量:49
商家id:1533	商家出货量:96
商家id:1534	商家出货量:91
商家id:1535	商家出货量:6566
商家id:1536	商家出货量:281
商家id:1537	商家出货量:77
商家id:1538	商家出货量:453
商家id:1539	商家出货量:87
商家id:154	商家出货量:115
商家id:1540	商家出货量:93
商家id:1541	商家出货量:196
商家id:1542	商家出货量:121
商家id:1543	商家出货量:96
商家id:1544	商家出货量:277
商家id:1545	商家出货量:33
商家id:1546	商家出货量:51
商家id:1547	商家出货量:73
商家id:1548	商家出货量:36
商家id:1549	商家出货量:101
商家id:155	商家出货量:58
商家id:1550	商家出货量:123
商家id:1551	商家出货量:65
商家id:1552	商家出货量:108
商家id:1553	商家出货量:23
商家id:1554	商家出货量:51
商家id:1555	商家出货量:175
商家id:1556	商家出货量:401
商家id:1557	商家出货量:1476
商家id:1558	商家出货量:9
商家id:1559	商家出货量:129
商家id:156	商家出货量:78
商家id:1560	商家出货量:88
商家id:1561	商家出货量:53
商家id:1562	商家出货量:188
商家id:1563	商家出货量:123
商家id:1564	商家出货量:51
商家id:1565	商家出货量:344
商家id:1566	商家出货量:562
商家id:1567	商家出货量:140
商家id:1568	商家出货量:41
商家id:1569	商家出货量:28
商家id:157	商家出货量:32
商家id:1570	商家出货量:52
商家id:1571	商家出货量:16
商家id:1572	商家出货量:68
商家id:1573	商家出货量:66
商家id:1574	商家出货量:243
商家id:1575	商家出货量:16
商家id:1576	商家出货量:55
商家id:1577	商家出货量:82
商家id:1578	商家出货量:37
商家id:1579	商家出货量:46
商家id:158	商家出货量:1312
商家id:1580	商家出货量:122
商家id:1581	商家出货量:672
商家id:1582	商家出货量:192
商家id:1583	商家出货量:346
商家id:1584	商家出货量:38
商家id:1585	商家出货量:359
商家id:1586	商家出货量:1352
商家id:1587	商家出货量:21
商家id:1588	商家出货量:264
商家id:1589	商家出货量:58
商家id:159	商家出货量:141
商家id:1590	商家出货量:19
商家id:1591	商家出货量:91
商家id:1592	商家出货量:349
商家id:1593	商家出货量:147
商家id:1594	商家出货量:333
商家id:1595	商家出货量:1653
商家id:1596	商家出货量:17
商家id:1597	商家出货量:190
商家id:1598	商家出货量:519
商家id:1599	商家出货量:165
商家id:16	商家出货量:79
商家id:160	商家出货量:51
商家id:1600	商家出货量:256
商家id:1601	商家出货量:197
商家id:1602	商家出货量:496
商家id:1603	商家出货量:356
商家id:1604	商家出货量:23
商家id:1605	商家出货量:218
商家id:1606	商家出货量:78
商家id:1607	商家出货量:20
商家id:1608	商家出货量:149
商家id:1609	商家出货量:66
商家id:161	商家出货量:175
商家id:1610	商家出货量:66
商家id:1611	商家出货量:95
商家id:1612	商家出货量:133
商家id:1613	商家出货量:111
商家id:1614	商家出货量:67
商家id:1615	商家出货量:126
商家id:1616	商家出货量:33
商家id:1617	商家出货量:1400
商家id:1618	商家出货量:2612
商家id:1619	商家出货量:200
商家id:162	商家出货量:15
商家id:1620	商家出货量:68
商家id:1621	商家出货量:180
商家id:1622	商家出货量:14
商家id:1623	商家出货量:651
商家id:1624	商家出货量:43
商家id:1625	商家出货量:184
商家id:1626	商家出货量:33
商家id:1627	商家出货量:110
商家id:1628	商家出货量:104
商家id:1629	商家出货量:46
商家id:163	商家出货量:10
商家id:1630	商家出货量:35
商家id:1631	商家出货量:30
商家id:1632	商家出货量:104
商家id:1633	商家出货量:32
商家id:1634	商家出货量:79
商家id:1635	商家出货量:73
商家id:1636	商家出货量:124
商家id:1637	商家出货量:859
商家id:1638	商家出货量:78
商家id:1639	商家出货量:152
商家id:164	商家出货量:24
商家id:1640	商家出货量:208
商家id:1641	商家出货量:966
商家id:1642	商家出货量:218
商家id:1643	商家出货量:183
商家id:1644	商家出货量:672
商家id:1645	商家出货量:16
商家id:1646	商家出货量:62
商家id:1647	商家出货量:132
商家id:1648	商家出货量:175
商家id:1649	商家出货量:91
商家id:165	商家出货量:325
商家id:1650	商家出货量:56
商家id:1651	商家出货量:32
商家id:1652	商家出货量:38
商家id:1653	商家出货量:86
商家id:1654	商家出货量:457
商家id:1655	商家出货量:48
商家id:1656	商家出货量:29
商家id:1657	商家出货量:31
商家id:1658	商家出货量:90
商家id:1659	商家出货量:771
商家id:166	商家出货量:152
商家id:1660	商家出货量:75
商家id:1661	商家出货量:485
商家id:1662	商家出货量:60
商家id:1663	商家出货量:1399
商家id:1664	商家出货量:105
商家id:1665	商家出货量:75
商家id:1666	商家出货量:114
商家id:1667	商家出货量:371
商家id:1668	商家出货量:79
商家id:1669	商家出货量:210
商家id:167	商家出货量:373
商家id:1670	商家出货量:52
商家id:1671	商家出货量:88
商家id:1672	商家出货量:85
商家id:1673	商家出货量:345
商家id:1674	商家出货量:665
商家id:1675	商家出货量:61
商家id:1676	商家出货量:54
商家id:1677	商家出货量:372
商家id:1678	商家出货量:321
商家id:1679	商家出货量:3095
商家id:168	商家出货量:1616
商家id:1680	商家出货量:188
商家id:1681	商家出货量:109
商家id:1682	商家出货量:143
商家id:1683	商家出货量:37
商家id:1684	商家出货量:11
商家id:1685	商家出货量:42
商家id:1686	商家出货量:50
商家id:1687	商家出货量:1324
商家id:1688	商家出货量:177
商家id:1689	商家出货量:238
商家id:169	商家出货量:62
商家id:1690	商家出货量:25
商家id:1691	商家出货量:28
商家id:1692	商家出货量:237
商家id:1693	商家出货量:79
商家id:1694	商家出货量:26
商家id:1695	商家出货量:83
商家id:1696	商家出货量:22
商家id:1697	商家出货量:21
商家id:1698	商家出货量:95
商家id:1699	商家出货量:924
商家id:17	商家出货量:18
商家id:170	商家出货量:142
商家id:1700	商家出货量:43
商家id:1701	商家出货量:5
商家id:1702	商家出货量:22
商家id:1703	商家出货量:555
商家id:1704	商家出货量:1231
商家id:1705	商家出货量:58
商家id:1706	商家出货量:18
商家id:1707	商家出货量:74
商家id:1708	商家出货量:1202
商家id:1709	商家出货量:96
商家id:171	商家出货量:192
商家id:1710	商家出货量:361
商家id:1711	商家出货量:21
商家id:1712	商家出货量:149
商家id:1713	商家出货量:275
商家id:1714	商家出货量:67
商家id:1715	商家出货量:469
商家id:1716	商家出货量:85
商家id:1717	商家出货量:38
商家id:1718	商家出货量:143
商家id:1719	商家出货量:923
商家id:172	商家出货量:166
商家id:1720	商家出货量:55
商家id:1721	商家出货量:165
商家id:1722	商家出货量:74
商家id:1723	商家出货量:94
商家id:1724	商家出货量:765
商家id:1725	商家出货量:77
商家id:1726	商家出货量:266
商家id:1727	商家出货量:1985
商家id:1728	商家出货量:789
商家id:1729	商家出货量:58
商家id:173	商家出货量:2997
商家id:1730	商家出货量:27
商家id:1731	商家出货量:22
商家id:1732	商家出货量:29
商家id:1733	商家出货量:116
商家id:1734	商家出货量:122
商家id:1735	商家出货量:27
商家id:1736	商家出货量:181
商家id:1737	商家出货量:520
商家id:1738	商家出货量:564
商家id:1739	商家出货量:313
商家id:174	商家出货量:21
商家id:1740	商家出货量:112
商家id:1741	商家出货量:1167
商家id:1742	商家出货量:2113
商家id:1743	商家出货量:178
商家id:1744	商家出货量:283
商家id:1745	商家出货量:73
商家id:1746	商家出货量:154
商家id:1747	商家出货量:22
商家id:1748	商家出货量:73
商家id:1749	商家出货量:1216
商家id:175	商家出货量:64
商家id:1750	商家出货量:217
商家id:1751	商家出货量:207
商家id:1752	商家出货量:261
商家id:1753	商家出货量:39
商家id:1754	商家出货量:193
商家id:1755	商家出货量:194
商家id:1756	商家出货量:15
商家id:1757	商家出货量:231
商家id:1758	商家出货量:39
商家id:1759	商家出货量:33
商家id:176	商家出货量:66
商家id:1760	商家出货量:4189
商家id:1761	商家出货量:142
商家id:1762	商家出货量:151
商家id:1763	商家出货量:95
商家id:1764	商家出货量:62
商家id:1765	商家出货量:325
商家id:1766	商家出货量:544
商家id:1767	商家出货量:53
商家id:1768	商家出货量:76
商家id:1769	商家出货量:78
商家id:177	商家出货量:16
商家id:1770	商家出货量:220
商家id:1771	商家出货量:77
商家id:1772	商家出货量:36
商家id:1773	商家出货量:30
商家id:1774	商家出货量:192
商家id:1775	商家出货量:39
商家id:1776	商家出货量:33
商家id:1777	商家出货量:45
商家id:1778	商家出货量:19
商家id:1779	商家出货量:27
商家id:178	商家出货量:184
商家id:1780	商家出货量:200
商家id:1781	商家出货量:1118
商家id:1782	商家出货量:66
商家id:1783	商家出货量:963
商家id:1784	商家出货量:858
商家id:1785	商家出货量:416
商家id:1786	商家出货量:349
商家id:1787	商家出货量:91
商家id:1788	商家出货量:65
商家id:1789	商家出货量:48
商家id:179	商家出货量:101
商家id:1790	商家出货量:14
商家id:1791	商家出货量:54
商家id:1792	商家出货量:45
商家id:1793	商家出货量:27
商家id:1794	商家出货量:31
商家id:1795	商家出货量:29
商家id:1796	商家出货量:320
商家id:1797	商家出货量:16
商家id:1798	商家出货量:74
商家id:1799	商家出货量:99
商家id:18	商家出货量:28
商家id:180	商家出货量:35
商家id:1800	商家出货量:113
商家id:1801	商家出货量:165
商家id:1802	商家出货量:66
商家id:1803	商家出货量:80
商家id:1804	商家出货量:37
商家id:1805	商家出货量:724
商家id:1806	商家出货量:133
商家id:1807	商家出货量:403
商家id:1808	商家出货量:199
商家id:1809	商家出货量:75
商家id:181	商家出货量:119
商家id:1810	商家出货量:748
商家id:1811	商家出货量:59
商家id:1812	商家出货量:64
商家id:1813	商家出货量:29
商家id:1814	商家出货量:37
商家id:1815	商家出货量:1123
商家id:1816	商家出货量:2553
商家id:1817	商家出货量:12
商家id:1818	商家出货量:137
商家id:1819	商家出货量:155
商家id:182	商家出货量:17
商家id:1820	商家出货量:47
商家id:1821	商家出货量:89
商家id:1822	商家出货量:235
商家id:1823	商家出货量:76
商家id:1824	商家出货量:146
商家id:1825	商家出货量:188
商家id:1826	商家出货量:112
商家id:1827	商家出货量:251
商家id:1828	商家出货量:51
商家id:1829	商家出货量:38
商家id:183	商家出货量:65
商家id:1830	商家出货量:128
商家id:1831	商家出货量:187
商家id:1832	商家出货量:75
商家id:1833	商家出货量:2391
商家id:1834	商家出货量:58
商家id:1835	商家出货量:190
商家id:1836	商家出货量:56
商家id:1837	商家出货量:39
商家id:1838	商家出货量:1453
商家id:1839	商家出货量:143
商家id:184	商家出货量:5016
商家id:1840	商家出货量:1947
商家id:1841	商家出货量:199
商家id:1842	商家出货量:21
商家id:1843	商家出货量:101
商家id:1844	商家出货量:253
商家id:1845	商家出货量:123
商家id:1846	商家出货量:66
商家id:1847	商家出货量:99
商家id:1848	商家出货量:53
商家id:1849	商家出货量:85
商家id:185	商家出货量:134
商家id:1850	商家出货量:385
商家id:1851	商家出货量:357
商家id:1852	商家出货量:115
商家id:1853	商家出货量:55
商家id:1854	商家出货量:362
商家id:1855	商家出货量:37
商家id:1856	商家出货量:14
商家id:1857	商家出货量:13
商家id:1858	商家出货量:74
商家id:1859	商家出货量:31
商家id:186	商家出货量:123
商家id:1860	商家出货量:1031
商家id:1861	商家出货量:2851
商家id:1862	商家出货量:44
商家id:1863	商家出货量:77
商家id:1864	商家出货量:22
商家id:1865	商家出货量:105
商家id:1866	商家出货量:81
商家id:1867	商家出货量:2168
商家id:1868	商家出货量:26
商家id:1869	商家出货量:18
商家id:187	商家出货量:146
商家id:1870	商家出货量:97
商家id:1871	商家出货量:81
商家id:1872	商家出货量:49
商家id:1873	商家出货量:25
商家id:1874	商家出货量:718
商家id:1875	商家出货量:1459
商家id:1876	商家出货量:36
商家id:1877	商家出货量:61
商家id:1878	商家出货量:271
商家id:1879	商家出货量:113
商家id:188	商家出货量:101
商家id:1880	商家出货量:39
商家id:1881	商家出货量:18
商家id:1882	商家出货量:83
商家id:1883	商家出货量:52
商家id:1884	商家出货量:1545
商家id:1885	商家出货量:269
商家id:1886	商家出货量:50
商家id:1887	商家出货量:283
商家id:1888	商家出货量:81
商家id:1889	商家出货量:14
商家id:189	商家出货量:131
商家id:1890	商家出货量:2191
商家id:1891	商家出货量:103
商家id:1892	商家出货量:8586
商家id:1893	商家出货量:15
商家id:1894	商家出货量:34
商家id:1895	商家出货量:840
商家id:1896	商家出货量:21
商家id:1897	商家出货量:402
商家id:1898	商家出货量:19
商家id:1899	商家出货量:345
商家id:19	商家出货量:116
商家id:190	商家出货量:226
商家id:1900	商家出货量:830
商家id:1901	商家出货量:570
商家id:1902	商家出货量:84
商家id:1903	商家出货量:293
商家id:1904	商家出货量:72
商家id:1905	商家出货量:47
商家id:1906	商家出货量:18
商家id:1907	商家出货量:29
商家id:1908	商家出货量:73
商家id:1909	商家出货量:33
商家id:191	商家出货量:1121
商家id:1910	商家出货量:534
商家id:1911	商家出货量:610
商家id:1912	商家出货量:33
商家id:1913	商家出货量:206
商家id:1914	商家出货量:59
商家id:1915	商家出货量:13
商家id:1916	商家出货量:2290
商家id:1917	商家出货量:17
商家id:1918	商家出货量:374
商家id:1919	商家出货量:111
商家id:192	商家出货量:765
商家id:1920	商家出货量:23
商家id:1921	商家出货量:29
商家id:1922	商家出货量:182
商家id:1923	商家出货量:1327
商家id:1924	商家出货量:14
商家id:1925	商家出货量:38
商家id:1926	商家出货量:67
商家id:1927	商家出货量:52
商家id:1928	商家出货量:23
商家id:1929	商家出货量:47
商家id:193	商家出货量:27
商家id:1930	商家出货量:21
商家id:1931	商家出货量:125
商家id:1932	商家出货量:57
商家id:1933	商家出货量:60
商家id:1934	商家出货量:70
商家id:1935	商家出货量:30
商家id:1936	商家出货量:93
商家id:1937	商家出货量:99
商家id:1938	商家出货量:17
商家id:1939	商家出货量:192
商家id:194	商家出货量:30
商家id:1940	商家出货量:34
商家id:1941	商家出货量:48
商家id:1942	商家出货量:33
商家id:1943	商家出货量:281
商家id:1944	商家出货量:552
商家id:1945	商家出货量:78
商家id:1946	商家出货量:166
商家id:1947	商家出货量:31
商家id:1948	商家出货量:257
商家id:1949	商家出货量:466
商家id:195	商家出货量:150
商家id:1950	商家出货量:54
商家id:1951	商家出货量:61
商家id:1952	商家出货量:630
商家id:1953	商家出货量:766
商家id:1954	商家出货量:19
商家id:1955	商家出货量:102
商家id:1956	商家出货量:82
商家id:1957	商家出货量:107
商家id:1958	商家出货量:68
商家id:1959	商家出货量:179
商家id:196	商家出货量:145
商家id:1960	商家出货量:63
商家id:1961	商家出货量:145
商家id:1962	商家出货量:39
商家id:1963	商家出货量:1380
商家id:1964	商家出货量:867
商家id:1965	商家出货量:44
商家id:1966	商家出货量:149
商家id:1967	商家出货量:1091
商家id:1968	商家出货量:599
商家id:1969	商家出货量:19
商家id:197	商家出货量:28
商家id:1970	商家出货量:116
商家id:1971	商家出货量:47
商家id:1972	商家出货量:103
商家id:1973	商家出货量:93
商家id:1974	商家出货量:162
商家id:1975	商家出货量:225
商家id:1976	商家出货量:427
商家id:1977	商家出货量:47
商家id:1978	商家出货量:896
商家id:1979	商家出货量:331
商家id:198	商家出货量:196
商家id:1980	商家出货量:24
商家id:1981	商家出货量:45
商家id:1982	商家出货量:15
商家id:1983	商家出货量:104
商家id:1984	商家出货量:183
商家id:1985	商家出货量:18
商家id:1986	商家出货量:876
商家id:1987	商家出货量:113
商家id:1988	商家出货量:113
商家id:1989	商家出货量:158
商家id:199	商家出货量:1762
商家id:1990	商家出货量:14
商家id:1991	商家出货量:31
商家id:1992	商家出货量:41
商家id:1993	商家出货量:94
商家id:1994	商家出货量:27
商家id:1995	商家出货量:38
商家id:1996	商家出货量:269
商家id:1997	商家出货量:156
商家id:1998	商家出货量:816
商家id:1999	商家出货量:875
商家id:2	商家出货量:131
商家id:20	商家出货量:370
商家id:200	商家出货量:298
商家id:2000	商家出货量:130
商家id:2001	商家出货量:62
商家id:2002	商家出货量:192
商家id:2003	商家出货量:122
商家id:2004	商家出货量:25
商家id:2005	商家出货量:38
商家id:2006	商家出货量:93
商家id:2007	商家出货量:63
商家id:2008	商家出货量:348
商家id:2009	商家出货量:28
商家id:201	商家出货量:94
商家id:2010	商家出货量:69
商家id:2011	商家出货量:180
商家id:2012	商家出货量:37
商家id:2013	商家出货量:25
商家id:2014	商家出货量:573
商家id:2015	商家出货量:34
商家id:2016	商家出货量:108
商家id:2017	商家出货量:20
商家id:2018	商家出货量:88
商家id:2019	商家出货量:35
商家id:202	商家出货量:185
商家id:2020	商家出货量:359
商家id:2021	商家出货量:49
商家id:2022	商家出货量:140
商家id:2023	商家出货量:596
商家id:2024	商家出货量:257
商家id:2025	商家出货量:63
商家id:2026	商家出货量:563
商家id:2027	商家出货量:37
商家id:2028	商家出货量:26
商家id:2029	商家出货量:389
商家id:203	商家出货量:186
商家id:2030	商家出货量:184
商家id:2031	商家出货量:3322
商家id:2032	商家出货量:184
商家id:2033	商家出货量:12
商家id:2034	商家出货量:210
商家id:2035	商家出货量:77
商家id:2036	商家出货量:791
商家id:2037	商家出货量:73
商家id:2038	商家出货量:11
商家id:2039	商家出货量:90
商家id:204	商家出货量:59
商家id:2040	商家出货量:39
商家id:2041	商家出货量:15
商家id:2042	商家出货量:36
商家id:2043	商家出货量:64
商家id:2044	商家出货量:25
商家id:2045	商家出货量:69
商家id:2046	商家出货量:41
商家id:2047	商家出货量:986
商家id:2048	商家出货量:62
商家id:2049	商家出货量:373
商家id:205	商家出货量:117
商家id:2050	商家出货量:370
商家id:2051	商家出货量:1045
商家id:2052	商家出货量:197
商家id:2053	商家出货量:84
商家id:2054	商家出货量:160
商家id:2055	商家出货量:177
商家id:2056	商家出货量:27
商家id:2057	商家出货量:12
商家id:2058	商家出货量:23
商家id:2059	商家出货量:19
商家id:206	商家出货量:38
商家id:2060	商家出货量:102
商家id:2061	商家出货量:72
商家id:2062	商家出货量:344
商家id:2063	商家出货量:18
商家id:2064	商家出货量:651
商家id:2065	商家出货量:119
商家id:2066	商家出货量:805
商家id:2067	商家出货量:36
商家id:2068	商家出货量:135
商家id:2069	商家出货量:57
商家id:207	商家出货量:1756
商家id:2070	商家出货量:136
商家id:2071	商家出货量:60
商家id:2072	商家出货量:364
商家id:2073	商家出货量:63
商家id:2074	商家出货量:256
商家id:2075	商家出货量:118
商家id:2076	商家出货量:568
商家id:2077	商家出货量:127
商家id:2078	商家出货量:175
商家id:2079	商家出货量:97
商家id:208	商家出货量:34
商家id:2080	商家出货量:17
商家id:2081	商家出货量:308
商家id:2082	商家出货量:438
商家id:2083	商家出货量:118
商家id:2084	商家出货量:441
商家id:2085	商家出货量:117
商家id:2086	商家出货量:51
商家id:2087	商家出货量:314
商家id:2088	商家出货量:33
商家id:2089	商家出货量:32
商家id:209	商家出货量:53
商家id:2090	商家出货量:35
商家id:2091	商家出货量:157
商家id:2092	商家出货量:235
商家id:2093	商家出货量:183
商家id:2094	商家出货量:59
商家id:2095	商家出货量:343
商家id:2096	商家出货量:188
商家id:2097	商家出货量:57
商家id:2098	商家出货量:27
商家id:2099	商家出货量:1801
商家id:21	商家出货量:27
商家id:210	商家出货量:10
商家id:2100	商家出货量:73
商家id:2101	商家出货量:52
商家id:2102	商家出货量:1122
商家id:2103	商家出货量:400
商家id:2104	商家出货量:47
商家id:2105	商家出货量:111
商家id:2106	商家出货量:758
商家id:2107	商家出货量:53
商家id:2108	商家出货量:1251
商家id:2109	商家出货量:78
商家id:211	商家出货量:17
商家id:2110	商家出货量:16
商家id:2111	商家出货量:29
商家id:2112	商家出货量:160
商家id:2113	商家出货量:94
商家id:2114	商家出货量:98
商家id:2115	商家出货量:79
商家id:2116	商家出货量:1169
商家id:2117	商家出货量:21
商家id:2118	商家出货量:121
商家id:2119	商家出货量:50
商家id:212	商家出货量:150
商家id:2120	商家出货量:149
商家id:2121	商家出货量:82
商家id:2122	商家出货量:148
商家id:2123	商家出货量:33
商家id:2124	商家出货量:1413
商家id:2125	商家出货量:497
商家id:2126	商家出货量:54
商家id:2127	商家出货量:126
商家id:2128	商家出货量:1044
商家id:2129	商家出货量:37
商家id:213	商家出货量:99
商家id:2130	商家出货量:27
商家id:2131	商家出货量:66
商家id:2132	商家出货量:61
商家id:2133	商家出货量:28
商家id:2134	商家出货量:176
商家id:2135	商家出货量:18
商家id:2136	商家出货量:496
商家id:2137	商家出货量:183
商家id:2138	商家出货量:3761
商家id:2139	商家出货量:40
商家id:214	商家出货量:55
商家id:2140	商家出货量:742
商家id:2141	商家出货量:173
商家id:2142	商家出货量:53
商家id:2143	商家出货量:184
商家id:2144	商家出货量:154
商家id:2145	商家出货量:165
商家id:2146	商家出货量:31
商家id:2147	商家出货量:37
商家id:2148	商家出货量:132
商家id:2149	商家出货量:670
商家id:215	商家出货量:423
商家id:2150	商家出货量:68
商家id:2151	商家出货量:210
商家id:2152	商家出货量:67
商家id:2153	商家出货量:35
商家id:2154	商家出货量:93
商家id:2155	商家出货量:58
商家id:2156	商家出货量:170
商家id:2157	商家出货量:92
商家id:2158	商家出货量:332
商家id:2159	商家出货量:93
商家id:216	商家出货量:90
商家id:2160	商家出货量:58
商家id:2161	商家出货量:280
商家id:2162	商家出货量:212
商家id:2163	商家出货量:147
商家id:2164	商家出货量:107
商家id:2165	商家出货量:29
商家id:2166	商家出货量:15
商家id:2167	商家出货量:240
商家id:2168	商家出货量:404
商家id:2169	商家出货量:22
商家id:217	商家出货量:18
商家id:2170	商家出货量:138
商家id:2171	商家出货量:194
商家id:2172	商家出货量:69
商家id:2173	商家出货量:3075
商家id:2174	商家出货量:102
商家id:2175	商家出货量:513
商家id:2176	商家出货量:514
商家id:2177	商家出货量:46
商家id:2178	商家出货量:84
商家id:2179	商家出货量:63
商家id:218	商家出货量:480
商家id:2180	商家出货量:180
商家id:2181	商家出货量:399
商家id:2182	商家出货量:37
商家id:2183	商家出货量:62
商家id:2184	商家出货量:160
商家id:2185	商家出货量:25
商家id:2186	商家出货量:22
商家id:2187	商家出货量:138
商家id:2188	商家出货量:76
商家id:2189	商家出货量:89
商家id:219	商家出货量:1763
商家id:2190	商家出货量:13
商家id:2191	商家出货量:13
商家id:2192	商家出货量:149
商家id:2193	商家出货量:2237
商家id:2194	商家出货量:134
商家id:2195	商家出货量:93
商家id:2196	商家出货量:66
商家id:2197	商家出货量:235
商家id:2198	商家出货量:30
商家id:2199	商家出货量:16
商家id:22	商家出货量:67
商家id:220	商家出货量:40
商家id:2200	商家出货量:164
商家id:2201	商家出货量:18
商家id:2202	商家出货量:110
商家id:2203	商家出货量:130
商家id:2204	商家出货量:142
商家id:2205	商家出货量:88
商家id:2206	商家出货量:1681
商家id:2207	商家出货量:14
商家id:2208	商家出货量:87
商家id:2209	商家出货量:65
商家id:221	商家出货量:48
商家id:2210	商家出货量:40
商家id:2211	商家出货量:37
商家id:2212	商家出货量:30
商家id:2213	商家出货量:1050
商家id:2214	商家出货量:29
商家id:2215	商家出货量:80
商家id:2216	商家出货量:289
商家id:2217	商家出货量:3100
商家id:2218	商家出货量:102
商家id:2219	商家出货量:305
商家id:222	商家出货量:218
商家id:2220	商家出货量:94
商家id:2221	商家出货量:211
商家id:2222	商家出货量:68
商家id:2223	商家出货量:3473
商家id:2224	商家出货量:206
商家id:2225	商家出货量:103
商家id:2226	商家出货量:65
商家id:2227	商家出货量:7
商家id:2228	商家出货量:130
商家id:2229	商家出货量:382
商家id:223	商家出货量:14
商家id:2230	商家出货量:87
商家id:2231	商家出货量:22
商家id:2232	商家出货量:136
商家id:2233	商家出货量:37
商家id:2234	商家出货量:62
商家id:2235	商家出货量:236
商家id:2236	商家出货量:290
商家id:2237	商家出货量:122
商家id:2238	商家出货量:216
商家id:2239	商家出货量:92
商家id:224	商家出货量:26
商家id:2240	商家出货量:95
商家id:2241	商家出货量:189
商家id:2242	商家出货量:1940
商家id:2243	商家出货量:69
商家id:2244	商家出货量:64
商家id:2245	商家出货量:16
商家id:2246	商家出货量:643
商家id:2247	商家出货量:59
商家id:2248	商家出货量:66
商家id:2249	商家出货量:29
商家id:225	商家出货量:15
商家id:2250	商家出货量:40
商家id:2251	商家出货量:57
商家id:2252	商家出货量:71
商家id:2253	商家出货量:57
商家id:2254	商家出货量:78
商家id:2255	商家出货量:369
商家id:2256	商家出货量:55
商家id:2257	商家出货量:99
商家id:2258	商家出货量:16
商家id:2259	商家出货量:62
商家id:226	商家出货量:55
商家id:2260	商家出货量:61
商家id:2261	商家出货量:94
商家id:2262	商家出货量:45
商家id:2263	商家出货量:27
商家id:2264	商家出货量:31
商家id:2265	商家出货量:42
商家id:2266	商家出货量:98
商家id:2267	商家出货量:186
商家id:2268	商家出货量:79
商家id:2269	商家出货量:223
商家id:227	商家出货量:494
商家id:2270	商家出货量:34
商家id:2271	商家出货量:88
商家id:2272	商家出货量:55
商家id:2273	商家出货量:3485
商家id:2274	商家出货量:143
商家id:2275	商家出货量:93
商家id:2276	商家出货量:56
商家id:2277	商家出货量:490
商家id:2278	商家出货量:1283
商家id:2279	商家出货量:323
商家id:228	商家出货量:107
商家id:2280	商家出货量:101
商家id:2281	商家出货量:83
商家id:2282	商家出货量:59
商家id:2283	商家出货量:306
商家id:2284	商家出货量:323
商家id:2285	商家出货量:83
商家id:2286	商家出货量:84
商家id:2287	商家出货量:20
商家id:2288	商家出货量:69
商家id:2289	商家出货量:68
商家id:229	商家出货量:20
商家id:2290	商家出货量:24
商家id:2291	商家出货量:140
商家id:2292	商家出货量:259
商家id:2293	商家出货量:31
商家id:2294	商家出货量:301
商家id:2295	商家出货量:160
商家id:2296	商家出货量:32
商家id:2297	商家出货量:51
商家id:2298	商家出货量:72
商家id:2299	商家出货量:178
商家id:23	商家出货量:110
商家id:230	商家出货量:47
商家id:2300	商家出货量:171
商家id:2301	商家出货量:32
商家id:2302	商家出货量:48
商家id:2303	商家出货量:662
商家id:2304	商家出货量:74
商家id:2305	商家出货量:147
商家id:2306	商家出货量:141
商家id:2307	商家出货量:52
商家id:2308	商家出货量:58
商家id:2309	商家出货量:90
商家id:231	商家出货量:34
商家id:2310	商家出货量:88
商家id:2311	商家出货量:146
商家id:2312	商家出货量:69
商家id:2313	商家出货量:860
商家id:2314	商家出货量:30
商家id:2315	商家出货量:97
商家id:2316	商家出货量:31
商家id:2317	商家出货量:73
商家id:2318	商家出货量:2481
商家id:2319	商家出货量:48
商家id:232	商家出货量:681
商家id:2320	商家出货量:242
商家id:2321	商家出货量:77
商家id:2322	商家出货量:68
商家id:2323	商家出货量:275
商家id:2324	商家出货量:38
商家id:2325	商家出货量:116
商家id:2326	商家出货量:218
商家id:2327	商家出货量:64
商家id:2328	商家出货量:218
商家id:2329	商家出货量:37
商家id:233	商家出货量:263
商家id:2330	商家出货量:40
商家id:2331	商家出货量:50
商家id:2332	商家出货量:844
商家id:2333	商家出货量:28
商家id:2334	商家出货量:182
商家id:2335	商家出货量:19
商家id:2336	商家出货量:3340
商家id:2337	商家出货量:41
商家id:2338	商家出货量:154
商家id:2339	商家出货量:287
商家id:234	商家出货量:433
商家id:2340	商家出货量:26
商家id:2341	商家出货量:292
商家id:2342	商家出货量:49
商家id:2343	商家出货量:61
商家id:2344	商家出货量:53
商家id:2345	商家出货量:78
商家id:2346	商家出货量:254
商家id:2347	商家出货量:33
商家id:2348	商家出货量:146
商家id:2349	商家出货量:60
商家id:235	商家出货量:114
商家id:2350	商家出货量:6
商家id:2351	商家出货量:167
商家id:2352	商家出货量:49
商家id:2353	商家出货量:147
商家id:2354	商家出货量:38
商家id:2355	商家出货量:49
商家id:2356	商家出货量:84
商家id:2357	商家出货量:52
商家id:2358	商家出货量:242
商家id:2359	商家出货量:103
商家id:236	商家出货量:201
商家id:2360	商家出货量:248
商家id:2361	商家出货量:569
商家id:2362	商家出货量:645
商家id:2363	商家出货量:104
商家id:2364	商家出货量:12
商家id:2365	商家出货量:317
商家id:2366	商家出货量:137
商家id:2367	商家出货量:1541
商家id:2368	商家出货量:12
商家id:2369	商家出货量:17
商家id:237	商家出货量:20
商家id:2370	商家出货量:913
商家id:2371	商家出货量:358
商家id:2372	商家出货量:63
商家id:2373	商家出货量:229
商家id:2374	商家出货量:267
商家id:2375	商家出货量:362
商家id:2376	商家出货量:24
商家id:2377	商家出货量:1148
商家id:2378	商家出货量:190
商家id:2379	商家出货量:17
商家id:238	商家出货量:75
商家id:2380	商家出货量:32
商家id:2381	商家出货量:57
商家id:2382	商家出货量:796
商家id:2383	商家出货量:25
商家id:2384	商家出货量:27
商家id:2385	商家出货量:5938
商家id:2386	商家出货量:58
商家id:2387	商家出货量:3084
商家id:2388	商家出货量:425
商家id:2389	商家出货量:98
商家id:239	商家出货量:235
商家id:2390	商家出货量:106
商家id:2391	商家出货量:236
商家id:2392	商家出货量:19
商家id:2393	商家出货量:157
商家id:2394	商家出货量:140
商家id:2395	商家出货量:149
商家id:2396	商家出货量:128
商家id:2397	商家出货量:1745
商家id:2398	商家出货量:76
商家id:2399	商家出货量:51
商家id:24	商家出货量:148
商家id:240	商家出货量:36
商家id:2400	商家出货量:41
商家id:2401	商家出货量:99
商家id:2402	商家出货量:205
商家id:2403	商家出货量:4564
商家id:2404	商家出货量:383
商家id:2405	商家出货量:18
商家id:2406	商家出货量:23
商家id:2407	商家出货量:109
商家id:2408	商家出货量:54
商家id:2409	商家出货量:111
商家id:241	商家出货量:256
商家id:2410	商家出货量:194
商家id:2411	商家出货量:82
商家id:2412	商家出货量:887
商家id:2413	商家出货量:222
商家id:2414	商家出货量:148
商家id:2415	商家出货量:82
商家id:2416	商家出货量:21
商家id:2417	商家出货量:154
商家id:2418	商家出货量:2373
商家id:2419	商家出货量:209
商家id:242	商家出货量:68
商家id:2420	商家出货量:986
商家id:2421	商家出货量:10
商家id:2422	商家出货量:246
商家id:2423	商家出货量:56
商家id:2424	商家出货量:617
商家id:2425	商家出货量:221
商家id:2426	商家出货量:118
商家id:2427	商家出货量:82
商家id:2428	商家出货量:29
商家id:2429	商家出货量:130
商家id:243	商家出货量:25
商家id:2430	商家出货量:78
商家id:2431	商家出货量:172
商家id:2432	商家出货量:126
商家id:2433	商家出货量:367
商家id:2434	商家出货量:57
商家id:2435	商家出货量:1176
商家id:2436	商家出货量:802
商家id:2437	商家出货量:87
商家id:2438	商家出货量:83
商家id:2439	商家出货量:82
商家id:244	商家出货量:63
商家id:2440	商家出货量:127
商家id:2441	商家出货量:178
商家id:2442	商家出货量:64
商家id:2443	商家出货量:108
商家id:2444	商家出货量:118
商家id:2445	商家出货量:282
商家id:2446	商家出货量:32
商家id:2447	商家出货量:1210
商家id:2448	商家出货量:663
商家id:2449	商家出货量:406
商家id:245	商家出货量:69
商家id:2450	商家出货量:461
商家id:2451	商家出货量:210
商家id:2452	商家出货量:96
商家id:2453	商家出货量:100
商家id:2454	商家出货量:486
商家id:2455	商家出货量:165
商家id:2456	商家出货量:154
商家id:2457	商家出货量:139
商家id:2458	商家出货量:47
商家id:2459	商家出货量:1364
商家id:246	商家出货量:323
商家id:2460	商家出货量:507
商家id:2461	商家出货量:36
商家id:2462	商家出货量:98
商家id:2463	商家出货量:96
商家id:2464	商家出货量:90
商家id:2465	商家出货量:412
商家id:2466	商家出货量:64
商家id:2467	商家出货量:33
商家id:2468	商家出货量:2907
商家id:2469	商家出货量:117
商家id:247	商家出货量:106
商家id:2470	商家出货量:42
商家id:2471	商家出货量:185
商家id:2472	商家出货量:255
商家id:2473	商家出货量:272
商家id:2474	商家出货量:40
商家id:2475	商家出货量:65
商家id:2476	商家出货量:76
商家id:2477	商家出货量:105
商家id:2478	商家出货量:22
商家id:2479	商家出货量:99
商家id:248	商家出货量:307
商家id:2480	商家出货量:15
商家id:2481	商家出货量:41
商家id:2482	商家出货量:2862
商家id:2483	商家出货量:33
商家id:2484	商家出货量:485
商家id:2485	商家出货量:24
商家id:2486	商家出货量:36
商家id:2487	商家出货量:45
商家id:2488	商家出货量:34
商家id:2489	商家出货量:69
商家id:249	商家出货量:21
商家id:2490	商家出货量:66
商家id:2491	商家出货量:181
商家id:2492	商家出货量:52
商家id:2493	商家出货量:16
商家id:2494	商家出货量:62
商家id:2495	商家出货量:6
商家id:2496	商家出货量:38
商家id:2497	商家出货量:73
商家id:2498	商家出货量:63
商家id:2499	商家出货量:92
商家id:25	商家出货量:74
商家id:250	商家出货量:257
商家id:2500	商家出货量:151
商家id:2501	商家出货量:91
商家id:2502	商家出货量:51
商家id:2503	商家出货量:228
商家id:2504	商家出货量:53
商家id:2505	商家出货量:306
商家id:2506	商家出货量:541
商家id:2507	商家出货量:44
商家id:2508	商家出货量:179
商家id:2509	商家出货量:15
商家id:251	商家出货量:133
商家id:2510	商家出货量:720
商家id:2511	商家出货量:699
商家id:2512	商家出货量:266
商家id:2513	商家出货量:103
商家id:2514	商家出货量:38
商家id:2515	商家出货量:60
商家id:2516	商家出货量:66
商家id:2517	商家出货量:25
商家id:2518	商家出货量:150
商家id:2519	商家出货量:45
商家id:252	商家出货量:73
商家id:2520	商家出货量:102
商家id:2521	商家出货量:45
商家id:2522	商家出货量:57
商家id:2523	商家出货量:58
商家id:2524	商家出货量:47
商家id:2525	商家出货量:85
商家id:2526	商家出货量:197
商家id:2527	商家出货量:168
商家id:2528	商家出货量:71
商家id:2529	商家出货量:121
商家id:253	商家出货量:36
商家id:2530	商家出货量:166
商家id:2531	商家出货量:137
商家id:2532	商家出货量:294
商家id:2533	商家出货量:41
商家id:2534	商家出货量:94
商家id:2535	商家出货量:157
商家id:2536	商家出货量:72
商家id:2537	商家出货量:4549
商家id:2538	商家出货量:52
商家id:2539	商家出货量:17
商家id:254	商家出货量:188
商家id:2540	商家出货量:79
商家id:2541	商家出货量:276
商家id:2542	商家出货量:49
商家id:2543	商家出货量:148
商家id:2544	商家出货量:32
商家id:2545	商家出货量:1994
商家id:2546	商家出货量:68
商家id:2547	商家出货量:586
商家id:2548	商家出货量:56
商家id:2549	商家出货量:34
商家id:255	商家出货量:321
商家id:2550	商家出货量:123
商家id:2551	商家出货量:185
商家id:2552	商家出货量:63
商家id:2553	商家出货量:64
商家id:2554	商家出货量:25
商家id:2555	商家出货量:160
商家id:2556	商家出货量:197
商家id:2557	商家出货量:67
商家id:2558	商家出货量:29
商家id:2559	商家出货量:277
商家id:256	商家出货量:58
商家id:2560	商家出货量:1297
商家id:2561	商家出货量:70
商家id:2562	商家出货量:318
商家id:2563	商家出货量:57
商家id:2564	商家出货量:192
商家id:2565	商家出货量:2453
商家id:2566	商家出货量:68
商家id:2567	商家出货量:135
商家id:2568	商家出货量:19
商家id:2569	商家出货量:1572
商家id:257	商家出货量:139
商家id:2570	商家出货量:544
商家id:2571	商家出货量:162
商家id:2572	商家出货量:15
商家id:2573	商家出货量:210
商家id:2574	商家出货量:37
商家id:2575	商家出货量:487
商家id:2576	商家出货量:55
商家id:2577	商家出货量:159
商家id:2578	商家出货量:19
商家id:2579	商家出货量:703
商家id:258	商家出货量:85
商家id:2580	商家出货量:672
商家id:2581	商家出货量:14
商家id:2582	商家出货量:675
商家id:2583	商家出货量:287
商家id:2584	商家出货量:151
商家id:2585	商家出货量:27
商家id:2586	商家出货量:103
商家id:2587	商家出货量:42
商家id:2588	商家出货量:645
商家id:2589	商家出货量:53
商家id:259	商家出货量:159
商家id:2590	商家出货量:150
商家id:2591	商家出货量:511
商家id:2592	商家出货量:1463
商家id:2593	商家出货量:154
商家id:2594	商家出货量:463
商家id:2595	商家出货量:35
商家id:2596	商家出货量:110
商家id:2597	商家出货量:200
商家id:2598	商家出货量:155
商家id:2599	商家出货量:82
商家id:26	商家出货量:122
商家id:260	商家出货量:168
商家id:2600	商家出货量:42
商家id:2601	商家出货量:45
商家id:2602	商家出货量:116
商家id:2603	商家出货量:95
商家id:2604	商家出货量:55
商家id:2605	商家出货量:27
商家id:2606	商家出货量:418
商家id:2607	商家出货量:57
商家id:2608	商家出货量:790
商家id:2609	商家出货量:64
商家id:261	商家出货量:35
商家id:2610	商家出货量:48
商家id:2611	商家出货量:208
商家id:2612	商家出货量:32
商家id:2613	商家出货量:141
商家id:2614	商家出货量:47
商家id:2615	商家出货量:69
商家id:2616	商家出货量:47
商家id:2617	商家出货量:900
商家id:2618	商家出货量:174
商家id:2619	商家出货量:96
商家id:262	商家出货量:94
商家id:2620	商家出货量:139
商家id:2621	商家出货量:48
商家id:2622	商家出货量:37
商家id:2623	商家出货量:64
商家id:2624	商家出货量:122
商家id:2625	商家出货量:21
商家id:2626	商家出货量:69
商家id:2627	商家出货量:16
商家id:2628	商家出货量:24
商家id:2629	商家出货量:253
商家id:263	商家出货量:46
商家id:2630	商家出货量:158
商家id:2631	商家出货量:186
商家id:2632	商家出货量:83
商家id:2633	商家出货量:67
商家id:2634	商家出货量:278
商家id:2635	商家出货量:27
商家id:2636	商家出货量:144
商家id:2637	商家出货量:186
商家id:2638	商家出货量:63
商家id:2639	商家出货量:2170
商家id:264	商家出货量:59
商家id:2640	商家出货量:365
商家id:2641	商家出货量:98
商家id:2642	商家出货量:116
商家id:2643	商家出货量:84
商家id:2644	商家出货量:165
商家id:2645	商家出货量:63
商家id:2646	商家出货量:316
商家id:2647	商家出货量:24
商家id:2648	商家出货量:48
商家id:2649	商家出货量:202
商家id:265	商家出货量:251
商家id:2650	商家出货量:17
商家id:2651	商家出货量:428
商家id:2652	商家出货量:356
商家id:2653	商家出货量:155
商家id:2654	商家出货量:130
商家id:2655	商家出货量:89
商家id:2656	商家出货量:130
商家id:2657	商家出货量:97
商家id:2658	商家出货量:90
商家id:2659	商家出货量:35
商家id:266	商家出货量:74
商家id:2660	商家出货量:51
商家id:2661	商家出货量:33
商家id:2662	商家出货量:130
商家id:2663	商家出货量:83
商家id:2664	商家出货量:3684
商家id:2665	商家出货量:107
商家id:2666	商家出货量:40
商家id:2667	商家出货量:155
商家id:2668	商家出货量:400
商家id:2669	商家出货量:2139
商家id:267	商家出货量:868
商家id:2670	商家出货量:93
商家id:2671	商家出货量:19
商家id:2672	商家出货量:38
商家id:2673	商家出货量:52
商家id:2674	商家出货量:125
商家id:2675	商家出货量:118
商家id:2676	商家出货量:4290
商家id:2677	商家出货量:3585
商家id:2678	商家出货量:26
商家id:2679	商家出货量:35
商家id:268	商家出货量:121
商家id:2680	商家出货量:156
商家id:2681	商家出货量:122
商家id:2682	商家出货量:62
商家id:2683	商家出货量:98
商家id:2684	商家出货量:278
商家id:2685	商家出货量:11
商家id:2686	商家出货量:31
商家id:2687	商家出货量:31
商家id:2688	商家出货量:106
商家id:2689	商家出货量:15
商家id:269	商家出货量:52
商家id:2690	商家出货量:49
商家id:2691	商家出货量:76
商家id:2692	商家出货量:73
商家id:2693	商家出货量:169
商家id:2694	商家出货量:24
商家id:2695	商家出货量:79
商家id:2696	商家出货量:76
商家id:2697	商家出货量:23
商家id:2698	商家出货量:302
商家id:2699	商家出货量:868
商家id:27	商家出货量:177
商家id:270	商家出货量:1974
商家id:2700	商家出货量:343
商家id:2701	商家出货量:29
商家id:2702	商家出货量:131
商家id:2703	商家出货量:97
商家id:2704	商家出货量:190
商家id:2705	商家出货量:67
商家id:2706	商家出货量:23
商家id:2707	商家出货量:54
商家id:2708	商家出货量:88
商家id:2709	商家出货量:768
商家id:271	商家出货量:92
商家id:2710	商家出货量:76
商家id:2711	商家出货量:375
商家id:2712	商家出货量:92
商家id:2713	商家出货量:187
商家id:2714	商家出货量:68
商家id:2715	商家出货量:687
商家id:2716	商家出货量:44
商家id:2717	商家出货量:20
商家id:2718	商家出货量:302
商家id:2719	商家出货量:26
商家id:272	商家出货量:46
商家id:2720	商家出货量:161
商家id:2721	商家出货量:2104
商家id:2722	商家出货量:106
商家id:2723	商家出货量:160
商家id:2724	商家出货量:115
商家id:2725	商家出货量:58
商家id:2726	商家出货量:43
商家id:2727	商家出货量:165
商家id:2728	商家出货量:27
商家id:2729	商家出货量:42
商家id:273	商家出货量:57
商家id:2730	商家出货量:379
商家id:2731	商家出货量:54
商家id:2732	商家出货量:26
商家id:2733	商家出货量:19
商家id:2734	商家出货量:31
商家id:2735	商家出货量:15
商家id:2736	商家出货量:95
商家id:2737	商家出货量:70
商家id:2738	商家出货量:69
商家id:2739	商家出货量:88
商家id:274	商家出货量:32
商家id:2740	商家出货量:45
商家id:2741	商家出货量:172
商家id:2742	商家出货量:83
商家id:2743	商家出货量:68
商家id:2744	商家出货量:259
商家id:2745	商家出货量:341
商家id:2746	商家出货量:588
商家id:2747	商家出货量:378
商家id:2748	商家出货量:36
商家id:2749	商家出货量:153
商家id:275	商家出货量:172
商家id:2750	商家出货量:95
商家id:2751	商家出货量:40
商家id:2752	商家出货量:252
商家id:2753	商家出货量:453
商家id:2754	商家出货量:12
商家id:2755	商家出货量:161
商家id:2756	商家出货量:48
商家id:2757	商家出货量:40
商家id:2758	商家出货量:60
商家id:2759	商家出货量:79
商家id:276	商家出货量:94
商家id:2760	商家出货量:74
商家id:2761	商家出货量:78
商家id:2762	商家出货量:87
商家id:2763	商家出货量:142
商家id:2764	商家出货量:45
商家id:2765	商家出货量:76
商家id:2766	商家出货量:208
商家id:2767	商家出货量:495
商家id:2768	商家出货量:556
商家id:2769	商家出货量:100
商家id:277	商家出货量:14
商家id:2770	商家出货量:125
商家id:2771	商家出货量:56
商家id:2772	商家出货量:173
商家id:2773	商家出货量:101
商家id:2774	商家出货量:68
商家id:2775	商家出货量:195
商家id:2776	商家出货量:233
商家id:2777	商家出货量:519
商家id:2778	商家出货量:134
商家id:2779	商家出货量:24
商家id:278	商家出货量:308
商家id:2780	商家出货量:170
商家id:2781	商家出货量:1140
商家id:2782	商家出货量:213
商家id:2783	商家出货量:70
商家id:2784	商家出货量:80
商家id:2785	商家出货量:32
商家id:2786	商家出货量:274
商家id:2787	商家出货量:103
商家id:2788	商家出货量:39
商家id:2789	商家出货量:109
商家id:279	商家出货量:576
商家id:2790	商家出货量:256
商家id:2791	商家出货量:755
商家id:2792	商家出货量:642
商家id:2793	商家出货量:56
商家id:2794	商家出货量:132
商家id:2795	商家出货量:525
商家id:2796	商家出货量:64
商家id:2797	商家出货量:153
商家id:2798	商家出货量:52
商家id:2799	商家出货量:183
商家id:28	商家出货量:886
商家id:280	商家出货量:30
商家id:2800	商家出货量:74
商家id:2801	商家出货量:35
商家id:2802	商家出货量:160
商家id:2803	商家出货量:78
商家id:2804	商家出货量:168
商家id:2805	商家出货量:60
商家id:2806	商家出货量:39
商家id:2807	商家出货量:51
商家id:2808	商家出货量:139
商家id:2809	商家出货量:193
商家id:281	商家出货量:44
商家id:2810	商家出货量:618
商家id:2811	商家出货量:168
商家id:2812	商家出货量:50
商家id:2813	商家出货量:2870
商家id:2814	商家出货量:265
商家id:2815	商家出货量:167
商家id:2816	商家出货量:39
商家id:2817	商家出货量:122
商家id:2818	商家出货量:1189
商家id:2819	商家出货量:39
商家id:282	商家出货量:350
商家id:2820	商家出货量:99
商家id:2821	商家出货量:2102
商家id:2822	商家出货量:429
商家id:2823	商家出货量:3960
商家id:2824	商家出货量:624
商家id:2825	商家出货量:18
商家id:2826	商家出货量:17
商家id:2827	商家出货量:32
商家id:2828	商家出货量:393
商家id:2829	商家出货量:704
商家id:283	商家出货量:68
商家id:2830	商家出货量:27
商家id:2831	商家出货量:35
商家id:2832	商家出货量:63
商家id:2833	商家出货量:81
商家id:2834	商家出货量:140
商家id:2835	商家出货量:236
商家id:2836	商家出货量:143
商家id:2837	商家出货量:18
商家id:2838	商家出货量:578
商家id:2839	商家出货量:96
商家id:284	商家出货量:593
商家id:2840	商家出货量:61
商家id:2841	商家出货量:19
商家id:2842	商家出货量:31
商家id:2843	商家出货量:104
商家id:2844	商家出货量:339
商家id:2845	商家出货量:127
商家id:2846	商家出货量:367
商家id:2847	商家出货量:44
商家id:2848	商家出货量:78
商家id:2849	商家出货量:360
商家id:285	商家出货量:245
商家id:2850	商家出货量:25
商家id:2851	商家出货量:53
商家id:2852	商家出货量:46
商家id:2853	商家出货量:20
商家id:2854	商家出货量:67
商家id:2855	商家出货量:46
商家id:2856	商家出货量:1041
商家id:2857	商家出货量:255
商家id:2858	商家出货量:13
商家id:2859	商家出货量:21
商家id:286	商家出货量:715
商家id:2860	商家出货量:123
商家id:2861	商家出货量:165
商家id:2862	商家出货量:54
商家id:2863	商家出货量:25
商家id:2864	商家出货量:148
商家id:2865	商家出货量:10
商家id:2866	商家出货量:26
商家id:2867	商家出货量:86
商家id:2868	商家出货量:31
商家id:2869	商家出货量:464
商家id:287	商家出货量:26
商家id:2870	商家出货量:57
商家id:2871	商家出货量:102
商家id:2872	商家出货量:765
商家id:2873	商家出货量:184
商家id:2874	商家出货量:145
商家id:2875	商家出货量:22
商家id:2876	商家出货量:418
商家id:2877	商家出货量:140
商家id:2878	商家出货量:43
商家id:2879	商家出货量:501
商家id:288	商家出货量:33
商家id:2880	商家出货量:74
商家id:2881	商家出货量:72
商家id:2882	商家出货量:224
商家id:2883	商家出货量:805
商家id:2884	商家出货量:176
商家id:2885	商家出货量:195
商家id:2886	商家出货量:116
商家id:2887	商家出货量:70
商家id:2888	商家出货量:74
商家id:2889	商家出货量:3
商家id:289	商家出货量:185
商家id:2890	商家出货量:115
商家id:2891	商家出货量:668
商家id:2892	商家出货量:71
商家id:2893	商家出货量:31
商家id:2894	商家出货量:77
商家id:2895	商家出货量:151
商家id:2896	商家出货量:34
商家id:2897	商家出货量:15
商家id:2898	商家出货量:261
商家id:2899	商家出货量:62
商家id:29	商家出货量:67
商家id:290	商家出货量:36
商家id:2900	商家出货量:523
商家id:2901	商家出货量:66
商家id:2902	商家出货量:40
商家id:2903	商家出货量:32
商家id:2904	商家出货量:46
商家id:2905	商家出货量:94
商家id:2906	商家出货量:48
商家id:2907	商家出货量:29
商家id:2908	商家出货量:83
商家id:2909	商家出货量:68
商家id:291	商家出货量:559
商家id:2910	商家出货量:123
商家id:2911	商家出货量:87
商家id:2912	商家出货量:611
商家id:2913	商家出货量:445
商家id:2914	商家出货量:138
商家id:2915	商家出货量:923
商家id:2916	商家出货量:391
商家id:2917	商家出货量:169
商家id:2918	商家出货量:65
商家id:2919	商家出货量:67
商家id:292	商家出货量:24
商家id:2920	商家出货量:21
商家id:2921	商家出货量:64
商家id:2922	商家出货量:58
商家id:2923	商家出货量:57
商家id:2924	商家出货量:17
商家id:2925	商家出货量:157
商家id:2926	商家出货量:177
商家id:2927	商家出货量:68
商家id:2928	商家出货量:4308
商家id:2929	商家出货量:88
商家id:293	商家出货量:1110
商家id:2930	商家出货量:77
商家id:2931	商家出货量:21
商家id:2932	商家出货量:81
商家id:2933	商家出货量:70
商家id:2934	商家出货量:283
商家id:2935	商家出货量:1030
商家id:2936	商家出货量:496
商家id:2937	商家出货量:69
商家id:2938	商家出货量:194
商家id:2939	商家出货量:117
商家id:294	商家出货量:56
商家id:2940	商家出货量:43
商家id:2941	商家出货量:41
商家id:2942	商家出货量:647
商家id:2943	商家出货量:51
商家id:2944	商家出货量:36
商家id:2945	商家出货量:136
商家id:2946	商家出货量:51
商家id:2947	商家出货量:24
商家id:2948	商家出货量:12
商家id:2949	商家出货量:135
商家id:295	商家出货量:73
商家id:2950	商家出货量:96
商家id:2951	商家出货量:95
商家id:2952	商家出货量:244
商家id:2953	商家出货量:225
商家id:2954	商家出货量:3609
商家id:2955	商家出货量:58
商家id:2956	商家出货量:1136
商家id:2957	商家出货量:101
商家id:2958	商家出货量:36
商家id:2959	商家出货量:787
商家id:296	商家出货量:704
商家id:2960	商家出货量:168
商家id:2961	商家出货量:161
商家id:2962	商家出货量:25
商家id:2963	商家出货量:1111
商家id:2964	商家出货量:85
商家id:2965	商家出货量:130
商家id:2966	商家出货量:32
商家id:2967	商家出货量:32
商家id:2968	商家出货量:118
商家id:2969	商家出货量:80
商家id:297	商家出货量:182
商家id:2970	商家出货量:118
商家id:2971	商家出货量:109
商家id:2972	商家出货量:81
商家id:2973	商家出货量:51
商家id:2974	商家出货量:22
商家id:2975	商家出货量:93
商家id:2976	商家出货量:113
商家id:2977	商家出货量:58
商家id:2978	商家出货量:35
商家id:298	商家出货量:59
商家id:2980	商家出货量:92
商家id:2981	商家出货量:1203
商家id:2982	商家出货量:472
商家id:2983	商家出货量:122
商家id:2984	商家出货量:44
商家id:2985	商家出货量:112
商家id:2986	商家出货量:91
商家id:2987	商家出货量:162
商家id:2988	商家出货量:146
商家id:2989	商家出货量:87
商家id:299	商家出货量:46
商家id:2990	商家出货量:54
商家id:2991	商家出货量:198
商家id:2992	商家出货量:57
商家id:2993	商家出货量:247
商家id:2994	商家出货量:175
商家id:2995	商家出货量:277
商家id:2996	商家出货量:24
商家id:2997	商家出货量:38
商家id:2998	商家出货量:80
商家id:2999	商家出货量:141
商家id:3	商家出货量:39
商家id:30	商家出货量:33
商家id:300	商家出货量:147
商家id:3000	商家出货量:78
商家id:3001	商家出货量:30
商家id:3002	商家出货量:65
商家id:3003	商家出货量:78
商家id:3004	商家出货量:228
商家id:3005	商家出货量:207
商家id:3006	商家出货量:170
商家id:3007	商家出货量:56
商家id:3008	商家出货量:110
商家id:3009	商家出货量:37
商家id:301	商家出货量:280
商家id:3010	商家出货量:63
商家id:3011	商家出货量:24
商家id:3012	商家出货量:44
商家id:3013	商家出货量:173
商家id:3014	商家出货量:200
商家id:3015	商家出货量:90
商家id:3016	商家出货量:1224
商家id:3017	商家出货量:976
商家id:3018	商家出货量:187
商家id:3019	商家出货量:136
商家id:302	商家出货量:243
商家id:3020	商家出货量:29
商家id:3021	商家出货量:87
商家id:3022	商家出货量:2074
商家id:3023	商家出货量:30
商家id:3024	商家出货量:59
商家id:3025	商家出货量:22
商家id:3026	商家出货量:34
商家id:3027	商家出货量:144
商家id:3028	商家出货量:425
商家id:3029	商家出货量:131
商家id:303	商家出货量:20
商家id:3030	商家出货量:40
商家id:3031	商家出货量:127
商家id:3032	商家出货量:28
商家id:3033	商家出货量:300
商家id:3034	商家出货量:152
商家id:3035	商家出货量:32
商家id:3036	商家出货量:23
商家id:3037	商家出货量:32
商家id:3038	商家出货量:88
商家id:3039	商家出货量:45
商家id:304	商家出货量:34
商家id:3040	商家出货量:62
商家id:3041	商家出货量:223
商家id:3042	商家出货量:876
商家id:3043	商家出货量:53
商家id:3044	商家出货量:111
商家id:3045	商家出货量:976
商家id:3046	商家出货量:188
商家id:3047	商家出货量:12
商家id:3048	商家出货量:146
商家id:3049	商家出货量:49
商家id:305	商家出货量:1122
商家id:3050	商家出货量:48
商家id:3051	商家出货量:75
商家id:3052	商家出货量:24
商家id:3053	商家出货量:45
商家id:3054	商家出货量:184
商家id:3055	商家出货量:246
商家id:3056	商家出货量:35
商家id:3057	商家出货量:314
商家id:3058	商家出货量:179
商家id:3059	商家出货量:108
商家id:306	商家出货量:388
商家id:3060	商家出货量:65
商家id:3061	商家出货量:89
商家id:3062	商家出货量:85
商家id:3063	商家出货量:374
商家id:3064	商家出货量:393
商家id:3065	商家出货量:141
商家id:3066	商家出货量:43
商家id:3067	商家出货量:251
商家id:3068	商家出货量:35
商家id:3069	商家出货量:39
商家id:307	商家出货量:25
商家id:3070	商家出货量:134
商家id:3071	商家出货量:59
商家id:3072	商家出货量:79
商家id:3073	商家出货量:564
商家id:3074	商家出货量:71
商家id:3075	商家出货量:209
商家id:3076	商家出货量:18
商家id:3077	商家出货量:19
商家id:3078	商家出货量:1678
商家id:3079	商家出货量:10
商家id:308	商家出货量:146
商家id:3080	商家出货量:932
商家id:3081	商家出货量:21
商家id:3082	商家出货量:82
商家id:3083	商家出货量:29
商家id:3084	商家出货量:18
商家id:3085	商家出货量:942
商家id:3086	商家出货量:72
商家id:3087	商家出货量:246
商家id:3088	商家出货量:120
商家id:3089	商家出货量:634
商家id:309	商家出货量:67
商家id:3090	商家出货量:123
商家id:3091	商家出货量:122
商家id:3092	商家出货量:263
商家id:3093	商家出货量:56
商家id:3094	商家出货量:257
商家id:3095	商家出货量:138
商家id:3096	商家出货量:987
商家id:3097	商家出货量:22
商家id:3098	商家出货量:414
商家id:3099	商家出货量:152
商家id:31	商家出货量:58
商家id:310	商家出货量:1547
商家id:3100	商家出货量:70
商家id:3101	商家出货量:25
商家id:3102	商家出货量:310
商家id:3103	商家出货量:569
商家id:3104	商家出货量:145
商家id:3105	商家出货量:1088
商家id:3106	商家出货量:116
商家id:3107	商家出货量:289
商家id:3108	商家出货量:143
商家id:3109	商家出货量:64
商家id:311	商家出货量:205
商家id:3110	商家出货量:176
商家id:3111	商家出货量:185
商家id:3112	商家出货量:120
商家id:3113	商家出货量:57
商家id:3114	商家出货量:131
商家id:3115	商家出货量:65
商家id:3116	商家出货量:61
商家id:3117	商家出货量:167
商家id:3118	商家出货量:14
商家id:3119	商家出货量:55
商家id:312	商家出货量:69
商家id:3120	商家出货量:37
商家id:3121	商家出货量:521
商家id:3122	商家出货量:82
商家id:3123	商家出货量:69
商家id:3124	商家出货量:76
商家id:3125	商家出货量:203
商家id:3126	商家出货量:283
商家id:3127	商家出货量:156
商家id:3128	商家出货量:1256
商家id:3129	商家出货量:84
商家id:313	商家出货量:50
商家id:3130	商家出货量:113
商家id:3131	商家出货量:52
商家id:3132	商家出货量:78
商家id:3133	商家出货量:14
商家id:3134	商家出货量:81
商家id:3135	商家出货量:26
商家id:3136	商家出货量:273
商家id:3137	商家出货量:307
商家id:3138	商家出货量:71
商家id:3139	商家出货量:1518
商家id:314	商家出货量:227
商家id:3140	商家出货量:67
商家id:3141	商家出货量:20
商家id:3142	商家出货量:51
商家id:3143	商家出货量:287
商家id:3144	商家出货量:2579
商家id:3145	商家出货量:63
商家id:3146	商家出货量:91
商家id:3147	商家出货量:99
商家id:3148	商家出货量:627
商家id:3149	商家出货量:43
商家id:315	商家出货量:57
商家id:3150	商家出货量:92
商家id:3151	商家出货量:16
商家id:3152	商家出货量:1940
商家id:3153	商家出货量:40
商家id:3154	商家出货量:423
商家id:3155	商家出货量:161
商家id:3156	商家出货量:22
商家id:3157	商家出货量:38
商家id:3158	商家出货量:48
商家id:3159	商家出货量:1674
商家id:316	商家出货量:227
商家id:3160	商家出货量:293
商家id:3161	商家出货量:325
商家id:3162	商家出货量:27
商家id:3163	商家出货量:1545
商家id:3164	商家出货量:25
商家id:3165	商家出货量:21
商家id:3166	商家出货量:90
商家id:3167	商家出货量:54
商家id:3168	商家出货量:192
商家id:3169	商家出货量:27
商家id:317	商家出货量:330
商家id:3170	商家出货量:541
商家id:3171	商家出货量:134
商家id:3172	商家出货量:76
商家id:3173	商家出货量:2031
商家id:3174	商家出货量:17
商家id:3175	商家出货量:51
商家id:3176	商家出货量:180
商家id:3177	商家出货量:42
商家id:3178	商家出货量:34
商家id:3179	商家出货量:123
商家id:318	商家出货量:746
商家id:3180	商家出货量:73
商家id:3181	商家出货量:259
商家id:3182	商家出货量:18
商家id:3183	商家出货量:2268
商家id:3184	商家出货量:45
商家id:3185	商家出货量:384
商家id:3186	商家出货量:16
商家id:3187	商家出货量:30
商家id:3188	商家出货量:37
商家id:3189	商家出货量:452
商家id:319	商家出货量:35
商家id:3190	商家出货量:73
商家id:3191	商家出货量:627
商家id:3192	商家出货量:137
商家id:3193	商家出货量:46
商家id:3194	商家出货量:40
商家id:3195	商家出货量:152
商家id:3196	商家出货量:1143
商家id:3197	商家出货量:22
商家id:3198	商家出货量:51
商家id:3199	商家出货量:71
商家id:32	商家出货量:23
商家id:320	商家出货量:381
商家id:3200	商家出货量:495
商家id:3201	商家出货量:46
商家id:3202	商家出货量:9
商家id:3203	商家出货量:32
商家id:3204	商家出货量:65
商家id:3205	商家出货量:3635
商家id:3206	商家出货量:141
商家id:3207	商家出货量:89
商家id:3208	商家出货量:46
商家id:3209	商家出货量:179
商家id:321	商家出货量:60
商家id:3210	商家出货量:55
商家id:3211	商家出货量:82
商家id:3212	商家出货量:63
商家id:3213	商家出货量:525
商家id:3214	商家出货量:534
商家id:3215	商家出货量:296
商家id:3216	商家出货量:223
商家id:3217	商家出货量:59
商家id:3218	商家出货量:39
商家id:3219	商家出货量:84
商家id:322	商家出货量:221
商家id:3220	商家出货量:73
商家id:3221	商家出货量:9
商家id:3222	商家出货量:20
商家id:3223	商家出货量:64
商家id:3224	商家出货量:250
商家id:3225	商家出货量:341
商家id:3226	商家出货量:311
商家id:3227	商家出货量:166
商家id:3228	商家出货量:40
商家id:3229	商家出货量:14
商家id:323	商家出货量:1574
商家id:3230	商家出货量:868
商家id:3231	商家出货量:136
商家id:3232	商家出货量:58
商家id:3233	商家出货量:392
商家id:3234	商家出货量:247
商家id:3235	商家出货量:456
商家id:3236	商家出货量:760
商家id:3237	商家出货量:37
商家id:3238	商家出货量:36
商家id:3239	商家出货量:123
商家id:324	商家出货量:74
商家id:3240	商家出货量:86
商家id:3241	商家出货量:66
商家id:3242	商家出货量:379
商家id:3243	商家出货量:87
商家id:3244	商家出货量:21
商家id:3245	商家出货量:74
商家id:3246	商家出货量:50
商家id:3247	商家出货量:51
商家id:3248	商家出货量:40
商家id:3249	商家出货量:174
商家id:325	商家出货量:27
商家id:3250	商家出货量:201
商家id:3251	商家出货量:158
商家id:3252	商家出货量:77
商家id:3253	商家出货量:24
商家id:3254	商家出货量:24
商家id:3255	商家出货量:375
商家id:3256	商家出货量:61
商家id:3257	商家出货量:16
商家id:3258	商家出货量:88
商家id:3259	商家出货量:56
商家id:326	商家出货量:507
商家id:3260	商家出货量:41
商家id:3261	商家出货量:97
商家id:3262	商家出货量:24
商家id:3263	商家出货量:349
商家id:3264	商家出货量:68
商家id:3265	商家出货量:92
商家id:3266	商家出货量:447
商家id:3267	商家出货量:48
商家id:3268	商家出货量:59
商家id:3269	商家出货量:117
商家id:327	商家出货量:526
商家id:3270	商家出货量:81
商家id:3271	商家出货量:371
商家id:3272	商家出货量:37
商家id:3273	商家出货量:95
商家id:3274	商家出货量:170
商家id:3275	商家出货量:138
商家id:3276	商家出货量:92
商家id:3277	商家出货量:122
商家id:3278	商家出货量:110
商家id:3279	商家出货量:352
商家id:328	商家出货量:28
商家id:3280	商家出货量:50
商家id:3281	商家出货量:11
商家id:3282	商家出货量:185
商家id:3283	商家出货量:71
商家id:3284	商家出货量:436
商家id:3285	商家出货量:23
商家id:3286	商家出货量:67
商家id:3287	商家出货量:65
商家id:3288	商家出货量:888
商家id:3289	商家出货量:240
商家id:329	商家出货量:64
商家id:3290	商家出货量:71
商家id:3291	商家出货量:520
商家id:3292	商家出货量:34
商家id:3293	商家出货量:23
商家id:3294	商家出货量:82
商家id:3295	商家出货量:860
商家id:3296	商家出货量:105
商家id:3297	商家出货量:37
商家id:3298	商家出货量:103
商家id:3299	商家出货量:108
商家id:33	商家出货量:117
商家id:330	商家出货量:54
商家id:3300	商家出货量:143
商家id:3301	商家出货量:163
商家id:3302	商家出货量:96
商家id:3303	商家出货量:136
商家id:3304	商家出货量:145
商家id:3305	商家出货量:151
商家id:3306	商家出货量:83
商家id:3307	商家出货量:18
商家id:3308	商家出货量:74
商家id:3309	商家出货量:35
商家id:331	商家出货量:981
商家id:3310	商家出货量:128
商家id:3311	商家出货量:24
商家id:3312	商家出货量:26
商家id:3313	商家出货量:65
商家id:3314	商家出货量:97
商家id:3315	商家出货量:794
商家id:3316	商家出货量:70
商家id:3317	商家出货量:22
商家id:3318	商家出货量:70
商家id:3319	商家出货量:900
商家id:332	商家出货量:102
商家id:3320	商家出货量:173
商家id:3321	商家出货量:47
商家id:3322	商家出货量:25
商家id:3323	商家出货量:1596
商家id:3324	商家出货量:24
商家id:3325	商家出货量:62
商家id:3326	商家出货量:1269
商家id:3327	商家出货量:64
商家id:3328	商家出货量:86
商家id:3329	商家出货量:165
商家id:333	商家出货量:80
商家id:3330	商家出货量:14
商家id:3331	商家出货量:79
商家id:3332	商家出货量:182
商家id:3333	商家出货量:19
商家id:3334	商家出货量:65
商家id:3335	商家出货量:109
商家id:3336	商家出货量:30
商家id:3337	商家出货量:44
商家id:3338	商家出货量:25
商家id:3339	商家出货量:43
商家id:334	商家出货量:30
商家id:3340	商家出货量:20
商家id:3341	商家出货量:49
商家id:3342	商家出货量:26
商家id:3343	商家出货量:34
商家id:3344	商家出货量:34
商家id:3345	商家出货量:671
商家id:3346	商家出货量:99
商家id:3347	商家出货量:247
商家id:3348	商家出货量:55
商家id:3349	商家出货量:374
商家id:335	商家出货量:104
商家id:3350	商家出货量:1906
商家id:3351	商家出货量:139
商家id:3352	商家出货量:54
商家id:3353	商家出货量:119
商家id:3354	商家出货量:337
商家id:3355	商家出货量:91
商家id:3356	商家出货量:158
商家id:3357	商家出货量:63
商家id:3358	商家出货量:31
商家id:3359	商家出货量:16
商家id:336	商家出货量:63
商家id:3360	商家出货量:239
商家id:3361	商家出货量:112
商家id:3362	商家出货量:66
商家id:3363	商家出货量:483
商家id:3364	商家出货量:29
商家id:3365	商家出货量:149
商家id:3366	商家出货量:168
商家id:3367	商家出货量:93
商家id:3368	商家出货量:652
商家id:3369	商家出货量:49
商家id:337	商家出货量:134
商家id:3370	商家出货量:79
商家id:3371	商家出货量:203
商家id:3372	商家出货量:36
商家id:3373	商家出货量:27
商家id:3374	商家出货量:104
商家id:3375	商家出货量:26
商家id:3376	商家出货量:396
商家id:3377	商家出货量:43
商家id:3378	商家出货量:107
商家id:3379	商家出货量:35
商家id:338	商家出货量:16
商家id:3380	商家出货量:42
商家id:3381	商家出货量:200
商家id:3382	商家出货量:59
商家id:3383	商家出货量:174
商家id:3384	商家出货量:22
商家id:3385	商家出货量:44
商家id:3386	商家出货量:14
商家id:3387	商家出货量:25
商家id:3388	商家出货量:114
商家id:3389	商家出货量:48
商家id:339	商家出货量:116
商家id:3390	商家出货量:284
商家id:3391	商家出货量:83
商家id:3392	商家出货量:362
商家id:3393	商家出货量:26
商家id:3394	商家出货量:65
商家id:3395	商家出货量:847
商家id:3396	商家出货量:200
商家id:3397	商家出货量:27
商家id:3398	商家出货量:164
商家id:3399	商家出货量:99
商家id:34	商家出货量:290
商家id:340	商家出货量:172
商家id:3400	商家出货量:46
商家id:3401	商家出货量:60
商家id:3402	商家出货量:220
商家id:3403	商家出货量:19
商家id:3404	商家出货量:13
商家id:3405	商家出货量:53
商家id:3406	商家出货量:85
商家id:3407	商家出货量:62
商家id:3408	商家出货量:131
商家id:3409	商家出货量:76
商家id:341	商家出货量:124
商家id:3410	商家出货量:210
商家id:3411	商家出货量:217
商家id:3412	商家出货量:64
商家id:3413	商家出货量:20
商家id:3414	商家出货量:55
商家id:3415	商家出货量:111
商家id:3416	商家出货量:28
商家id:3417	商家出货量:26
商家id:3418	商家出货量:184
商家id:3419	商家出货量:224
商家id:342	商家出货量:326
商家id:3420	商家出货量:942
商家id:3421	商家出货量:74
商家id:3422	商家出货量:306
商家id:3423	商家出货量:50
商家id:3424	商家出货量:199
商家id:3425	商家出货量:361
商家id:3426	商家出货量:106
商家id:3427	商家出货量:22
商家id:3428	商家出货量:127
商家id:3429	商家出货量:15
商家id:343	商家出货量:126
商家id:3430	商家出货量:30
商家id:3431	商家出货量:30
商家id:3432	商家出货量:338
商家id:3433	商家出货量:246
商家id:3434	商家出货量:39
商家id:3435	商家出货量:11
商家id:3436	商家出货量:55
商家id:3437	商家出货量:26
商家id:3438	商家出货量:16
商家id:3439	商家出货量:63
商家id:344	商家出货量:28
商家id:3440	商家出货量:5
商家id:3441	商家出货量:40
商家id:3442	商家出货量:156
商家id:3443	商家出货量:81
商家id:3444	商家出货量:633
商家id:3445	商家出货量:199
商家id:3446	商家出货量:114
商家id:3447	商家出货量:61
商家id:3448	商家出货量:291
商家id:3449	商家出货量:1250
商家id:345	商家出货量:22
商家id:3450	商家出货量:20
商家id:3451	商家出货量:191
商家id:3452	商家出货量:62
商家id:3453	商家出货量:158
商家id:3454	商家出货量:159
商家id:3455	商家出货量:272
商家id:3456	商家出货量:59
商家id:3457	商家出货量:84
商家id:3458	商家出货量:37
商家id:3459	商家出货量:23
商家id:346	商家出货量:230
商家id:3460	商家出货量:1130
商家id:3461	商家出货量:171
商家id:3462	商家出货量:442
商家id:3463	商家出货量:260
商家id:3464	商家出货量:14
商家id:3465	商家出货量:105
商家id:3466	商家出货量:55
商家id:3467	商家出货量:74
商家id:3468	商家出货量:1333
商家id:3469	商家出货量:263
商家id:347	商家出货量:892
商家id:3470	商家出货量:13
商家id:3471	商家出货量:349
商家id:3472	商家出货量:1650
商家id:3473	商家出货量:594
商家id:3474	商家出货量:93
商家id:3475	商家出货量:60
商家id:3476	商家出货量:630
商家id:3477	商家出货量:232
商家id:3478	商家出货量:63
商家id:3479	商家出货量:29
商家id:348	商家出货量:61
商家id:3480	商家出货量:88
商家id:3481	商家出货量:127
商家id:3482	商家出货量:128
商家id:3483	商家出货量:46
商家id:3484	商家出货量:1095
商家id:3485	商家出货量:43
商家id:3486	商家出货量:690
商家id:3487	商家出货量:3
商家id:3488	商家出货量:28
商家id:3489	商家出货量:86
商家id:349	商家出货量:27
商家id:3490	商家出货量:63
商家id:3491	商家出货量:6297
商家id:3492	商家出货量:31
商家id:3493	商家出货量:92
商家id:3494	商家出货量:88
商家id:3495	商家出货量:30
商家id:3496	商家出货量:800
商家id:3497	商家出货量:133
商家id:3498	商家出货量:30
商家id:3499	商家出货量:42
商家id:35	商家出货量:478
商家id:350	商家出货量:247
商家id:3500	商家出货量:240
商家id:3501	商家出货量:180
商家id:3502	商家出货量:259
商家id:3503	商家出货量:33
商家id:3504	商家出货量:29
商家id:3505	商家出货量:11
商家id:3506	商家出货量:63
商家id:3507	商家出货量:759
商家id:3508	商家出货量:23
商家id:3509	商家出货量:68
商家id:351	商家出货量:84
商家id:3510	商家出货量:95
商家id:3511	商家出货量:403
商家id:3512	商家出货量:32
商家id:3513	商家出货量:126
商家id:3514	商家出货量:13
商家id:3515	商家出货量:33
商家id:3516	商家出货量:107
商家id:3517	商家出货量:34
商家id:3518	商家出货量:438
商家id:3519	商家出货量:62
商家id:352	商家出货量:54
商家id:3520	商家出货量:51
商家id:3521	商家出货量:111
商家id:3522	商家出货量:47
商家id:3523	商家出货量:84
商家id:3524	商家出货量:321
商家id:3525	商家出货量:145
商家id:3526	商家出货量:629
商家id:3527	商家出货量:11
商家id:3528	商家出货量:357
商家id:3529	商家出货量:250
商家id:353	商家出货量:31
商家id:3530	商家出货量:22
商家id:3531	商家出货量:134
商家id:3532	商家出货量:19
商家id:3533	商家出货量:75
商家id:3534	商家出货量:27
商家id:3535	商家出货量:100
商家id:3536	商家出货量:798
商家id:3537	商家出货量:135
商家id:3538	商家出货量:273
商家id:3539	商家出货量:21
商家id:354	商家出货量:229
商家id:3540	商家出货量:36
商家id:3541	商家出货量:410
商家id:3542	商家出货量:18
商家id:3543	商家出货量:57
商家id:3544	商家出货量:144
商家id:3545	商家出货量:989
商家id:3546	商家出货量:93
商家id:3547	商家出货量:185
商家id:3548	商家出货量:22
商家id:3549	商家出货量:45
商家id:355	商家出货量:68
商家id:3550	商家出货量:38
商家id:3551	商家出货量:1336
商家id:3552	商家出货量:1293
商家id:3553	商家出货量:60
商家id:3554	商家出货量:93
商家id:3555	商家出货量:126
商家id:3556	商家出货量:270
商家id:3557	商家出货量:78
商家id:3558	商家出货量:128
商家id:3559	商家出货量:39
商家id:356	商家出货量:72
商家id:3560	商家出货量:59
商家id:3561	商家出货量:282
商家id:3562	商家出货量:157
商家id:3563	商家出货量:78
商家id:3564	商家出货量:17
商家id:3565	商家出货量:28
商家id:3566	商家出货量:98
商家id:3567	商家出货量:150
商家id:3568	商家出货量:40
商家id:3569	商家出货量:17
商家id:357	商家出货量:141
商家id:3570	商家出货量:76
商家id:3571	商家出货量:412
商家id:3572	商家出货量:248
商家id:3573	商家出货量:30
商家id:3574	商家出货量:69
商家id:3575	商家出货量:20
商家id:3576	商家出货量:224
商家id:3577	商家出货量:148
商家id:3578	商家出货量:3383
商家id:3579	商家出货量:96
商家id:358	商家出货量:116
商家id:3580	商家出货量:183
商家id:3581	商家出货量:25
商家id:3582	商家出货量:34
商家id:3583	商家出货量:65
商家id:3584	商家出货量:25
商家id:3585	商家出货量:231
商家id:3586	商家出货量:421
商家id:3587	商家出货量:26
商家id:3588	商家出货量:279
商家id:3589	商家出货量:35
商家id:359	商家出货量:467
商家id:3590	商家出货量:58
商家id:3591	商家出货量:59
商家id:3592	商家出货量:101
商家id:3593	商家出货量:207
商家id:3594	商家出货量:16
商家id:3595	商家出货量:70
商家id:3596	商家出货量:225
商家id:3597	商家出货量:31
商家id:3598	商家出货量:158
商家id:3599	商家出货量:103
商家id:36	商家出货量:20
商家id:360	商家出货量:151
商家id:3600	商家出货量:385
商家id:3601	商家出货量:78
商家id:3602	商家出货量:325
商家id:3603	商家出货量:304
商家id:3604	商家出货量:37
商家id:3605	商家出货量:54
商家id:3606	商家出货量:126
商家id:3607	商家出货量:262
商家id:3608	商家出货量:75
商家id:3609	商家出货量:2270
商家id:361	商家出货量:4684
商家id:3610	商家出货量:1341
商家id:3611	商家出货量:59
商家id:3612	商家出货量:37
商家id:3613	商家出货量:60
商家id:3614	商家出货量:1030
商家id:3615	商家出货量:45
商家id:3616	商家出货量:32
商家id:3617	商家出货量:31
商家id:3618	商家出货量:85
商家id:3619	商家出货量:422
商家id:362	商家出货量:59
商家id:3620	商家出货量:34
商家id:3621	商家出货量:206
商家id:3622	商家出货量:365
商家id:3623	商家出货量:1586
商家id:3624	商家出货量:422
商家id:3625	商家出货量:30
商家id:3626	商家出货量:26
商家id:3627	商家出货量:180
商家id:3628	商家出货量:343
商家id:3629	商家出货量:564
商家id:363	商家出货量:108
商家id:3630	商家出货量:79
商家id:3631	商家出货量:91
商家id:3632	商家出货量:81
商家id:3633	商家出货量:45
商家id:3634	商家出货量:58
商家id:3635	商家出货量:1215
商家id:3636	商家出货量:155
商家id:3637	商家出货量:98
商家id:3638	商家出货量:102
商家id:3639	商家出货量:27
商家id:364	商家出货量:22
商家id:3640	商家出货量:651
商家id:3641	商家出货量:28
商家id:3642	商家出货量:67
商家id:3643	商家出货量:36
商家id:3644	商家出货量:64
商家id:3645	商家出货量:275
商家id:3646	商家出货量:81
商家id:3647	商家出货量:510
商家id:3648	商家出货量:22
商家id:3649	商家出货量:106
商家id:365	商家出货量:64
商家id:3650	商家出货量:251
商家id:3651	商家出货量:48
商家id:3652	商家出货量:16
商家id:3653	商家出货量:32
商家id:3654	商家出货量:51
商家id:3655	商家出货量:101
商家id:3656	商家出货量:46
商家id:3657	商家出货量:204
商家id:3658	商家出货量:62
商家id:3659	商家出货量:950
商家id:366	商家出货量:248
商家id:3660	商家出货量:17
商家id:3661	商家出货量:101
商家id:3662	商家出货量:100
商家id:3663	商家出货量:3118
商家id:3664	商家出货量:27
商家id:3665	商家出货量:257
商家id:3666	商家出货量:171
商家id:3667	商家出货量:163
商家id:3668	商家出货量:94
商家id:3669	商家出货量:516
商家id:367	商家出货量:29
商家id:3670	商家出货量:68
商家id:3671	商家出货量:99
商家id:3672	商家出货量:59
商家id:3673	商家出货量:33
商家id:3674	商家出货量:124
商家id:3675	商家出货量:67
商家id:3676	商家出货量:22
商家id:3677	商家出货量:1625
商家id:3678	商家出货量:473
商家id:3679	商家出货量:208
商家id:368	商家出货量:29
商家id:3680	商家出货量:119
商家id:3681	商家出货量:14
商家id:3682	商家出货量:428
商家id:3683	商家出货量:442
商家id:3684	商家出货量:36
商家id:3685	商家出货量:175
商家id:3686	商家出货量:476
商家id:3687	商家出货量:124
商家id:3688	商家出货量:68
商家id:3689	商家出货量:351
商家id:369	商家出货量:46
商家id:3690	商家出货量:28
商家id:3691	商家出货量:18
商家id:3692	商家出货量:85
商家id:3693	商家出货量:252
商家id:3694	商家出货量:25
商家id:3695	商家出货量:67
商家id:3696	商家出货量:44
商家id:3697	商家出货量:325
商家id:3698	商家出货量:3333
商家id:3699	商家出货量:121
商家id:37	商家出货量:51
商家id:370	商家出货量:60
商家id:3700	商家出货量:167
商家id:3701	商家出货量:227
商家id:3702	商家出货量:52
商家id:3703	商家出货量:153
商家id:3704	商家出货量:17
商家id:3705	商家出货量:14
商家id:3706	商家出货量:1299
商家id:3707	商家出货量:44
商家id:3708	商家出货量:64
商家id:3709	商家出货量:90
商家id:371	商家出货量:62
商家id:3710	商家出货量:53
商家id:3711	商家出货量:11
商家id:3712	商家出货量:33
商家id:3713	商家出货量:27
商家id:3714	商家出货量:258
商家id:3715	商家出货量:340
商家id:3716	商家出货量:1660
商家id:3717	商家出货量:18
商家id:3718	商家出货量:88
商家id:3719	商家出货量:132
商家id:372	商家出货量:152
商家id:3720	商家出货量:56
商家id:3721	商家出货量:297
商家id:3722	商家出货量:82
商家id:3723	商家出货量:151
商家id:3724	商家出货量:212
商家id:3725	商家出货量:222
商家id:3726	商家出货量:50
商家id:3727	商家出货量:707
商家id:3728	商家出货量:156
商家id:3729	商家出货量:2497
商家id:373	商家出货量:183
商家id:3730	商家出货量:47
商家id:3731	商家出货量:23
商家id:3732	商家出货量:67
商家id:3733	商家出货量:48
商家id:3734	商家出货量:5644
商家id:3735	商家出货量:70
商家id:3736	商家出货量:98
商家id:3737	商家出货量:66
商家id:3738	商家出货量:36
商家id:3739	商家出货量:8
商家id:374	商家出货量:78
商家id:3740	商家出货量:126
商家id:3741	商家出货量:666
商家id:3742	商家出货量:113
商家id:3743	商家出货量:212
商家id:3744	商家出货量:70
商家id:3745	商家出货量:31
商家id:3746	商家出货量:18
商家id:3747	商家出货量:23
商家id:3748	商家出货量:50
商家id:3749	商家出货量:43
商家id:375	商家出货量:3067
商家id:3750	商家出货量:58
商家id:3751	商家出货量:188
商家id:3752	商家出货量:28
商家id:3753	商家出货量:326
商家id:3754	商家出货量:51
商家id:3755	商家出货量:76
商家id:3756	商家出货量:93
商家id:3757	商家出货量:82
商家id:3758	商家出货量:608
商家id:3759	商家出货量:38
商家id:376	商家出货量:69
商家id:3760	商家出货量:9255
商家id:3761	商家出货量:70
商家id:3762	商家出货量:69
商家id:3763	商家出货量:259
商家id:3764	商家出货量:32
商家id:3765	商家出货量:79
商家id:3766	商家出货量:334
商家id:3767	商家出货量:56
商家id:3768	商家出货量:18
商家id:3769	商家出货量:226
商家id:377	商家出货量:39
商家id:3770	商家出货量:75
商家id:3771	商家出货量:55
商家id:3772	商家出货量:26
商家id:3773	商家出货量:192
商家id:3774	商家出货量:9
商家id:3775	商家出货量:49
商家id:3776	商家出货量:85
商家id:3777	商家出货量:34
商家id:3778	商家出货量:29
商家id:3779	商家出货量:124
商家id:378	商家出货量:78
商家id:3780	商家出货量:202
商家id:3781	商家出货量:73
商家id:3782	商家出货量:34
商家id:3783	商家出货量:192
商家id:3784	商家出货量:130
商家id:3785	商家出货量:51
商家id:3786	商家出货量:153
商家id:3787	商家出货量:24
商家id:3788	商家出货量:46
商家id:3789	商家出货量:46
商家id:379	商家出货量:28
商家id:3790	商家出货量:435
商家id:3791	商家出货量:124
商家id:3792	商家出货量:128
商家id:3793	商家出货量:124
商家id:3794	商家出货量:88
商家id:3795	商家出货量:119
商家id:3796	商家出货量:106
商家id:3797	商家出货量:286
商家id:3798	商家出货量:12
商家id:3799	商家出货量:36
商家id:38	商家出货量:92
商家id:380	商家出货量:399
商家id:3800	商家出货量:19
商家id:3801	商家出货量:30
商家id:3802	商家出货量:32
商家id:3803	商家出货量:75
商家id:3804	商家出货量:28
商家id:3805	商家出货量:35
商家id:3806	商家出货量:118
商家id:3807	商家出货量:16
商家id:3808	商家出货量:15
商家id:3809	商家出货量:159
商家id:381	商家出货量:45
商家id:3810	商家出货量:28
商家id:3811	商家出货量:142
商家id:3812	商家出货量:35
商家id:3813	商家出货量:46
商家id:3814	商家出货量:29
商家id:3815	商家出货量:125
商家id:3816	商家出货量:21
商家id:3817	商家出货量:47
商家id:3818	商家出货量:603
商家id:3819	商家出货量:456
商家id:382	商家出货量:106
商家id:3820	商家出货量:125
商家id:3821	商家出货量:36
商家id:3822	商家出货量:623
商家id:3823	商家出货量:22
商家id:3824	商家出货量:8
商家id:3825	商家出货量:135
商家id:3826	商家出货量:2851
商家id:3827	商家出货量:31
商家id:3828	商家出货量:11800
商家id:3829	商家出货量:53
商家id:383	商家出货量:27
商家id:3830	商家出货量:10
商家id:3831	商家出货量:38
商家id:3832	商家出货量:16
商家id:3833	商家出货量:248
商家id:3834	商家出货量:31
商家id:3835	商家出货量:701
商家id:3836	商家出货量:72
商家id:3837	商家出货量:28
商家id:3838	商家出货量:20
商家id:3839	商家出货量:949
商家id:384	商家出货量:65
商家id:3840	商家出货量:34
商家id:3841	商家出货量:61
商家id:3842	商家出货量:40
商家id:3843	商家出货量:138
商家id:3844	商家出货量:263
商家id:3845	商家出货量:1798
商家id:3846	商家出货量:37
商家id:3847	商家出货量:86
商家id:3848	商家出货量:50
商家id:3849	商家出货量:31
商家id:385	商家出货量:39
商家id:3850	商家出货量:44
商家id:3851	商家出货量:222
商家id:3852	商家出货量:90
商家id:3853	商家出货量:463
商家id:3854	商家出货量:245
商家id:3855	商家出货量:74
商家id:3856	商家出货量:99
商家id:3857	商家出货量:21
商家id:3858	商家出货量:37
商家id:3859	商家出货量:2261
商家id:386	商家出货量:170
商家id:3860	商家出货量:54
商家id:3861	商家出货量:1031
商家id:3862	商家出货量:247
商家id:3863	商家出货量:106
商家id:3864	商家出货量:27
商家id:3865	商家出货量:364
商家id:3866	商家出货量:70
商家id:3867	商家出货量:77
商家id:3868	商家出货量:81
商家id:3869	商家出货量:21
商家id:387	商家出货量:115
商家id:3870	商家出货量:79
商家id:3871	商家出货量:47
商家id:3872	商家出货量:81
商家id:3873	商家出货量:113
商家id:3874	商家出货量:122
商家id:3875	商家出货量:426
商家id:3876	商家出货量:56
商家id:3877	商家出货量:151
商家id:3878	商家出货量:460
商家id:3879	商家出货量:24
商家id:388	商家出货量:65
商家id:3880	商家出货量:145
商家id:3881	商家出货量:122
商家id:3882	商家出货量:19
商家id:3883	商家出货量:347
商家id:3884	商家出货量:37
商家id:3885	商家出货量:255
商家id:3886	商家出货量:38
商家id:3887	商家出货量:335
商家id:3888	商家出货量:190
商家id:3889	商家出货量:260
商家id:389	商家出货量:25
商家id:3890	商家出货量:33
商家id:3891	商家出货量:108
商家id:3892	商家出货量:67
商家id:3893	商家出货量:288
商家id:3894	商家出货量:74
商家id:3895	商家出货量:15
商家id:3896	商家出货量:54
商家id:3897	商家出货量:73
商家id:3898	商家出货量:1051
商家id:3899	商家出货量:26
商家id:39	商家出货量:20
商家id:390	商家出货量:360
商家id:3900	商家出货量:25
商家id:3901	商家出货量:54
商家id:3902	商家出货量:92
商家id:3903	商家出货量:39
商家id:3904	商家出货量:188
商家id:3905	商家出货量:109
商家id:3906	商家出货量:203
商家id:3907	商家出货量:150
商家id:3908	商家出货量:73
商家id:3909	商家出货量:31
商家id:391	商家出货量:39
商家id:3910	商家出货量:478
商家id:3911	商家出货量:77
商家id:3912	商家出货量:519
商家id:3913	商家出货量:62
商家id:3914	商家出货量:365
商家id:3915	商家出货量:205
商家id:3916	商家出货量:38
商家id:3917	商家出货量:70
商家id:3918	商家出货量:557
商家id:3919	商家出货量:137
商家id:392	商家出货量:36
商家id:3920	商家出货量:97
商家id:3921	商家出货量:27
商家id:3922	商家出货量:72
商家id:3923	商家出货量:67
商家id:3924	商家出货量:48
商家id:3925	商家出货量:1126
商家id:3926	商家出货量:130
商家id:3927	商家出货量:33
商家id:3928	商家出货量:27
商家id:3929	商家出货量:121
商家id:393	商家出货量:24
商家id:3930	商家出货量:163
商家id:3931	商家出货量:130
商家id:3932	商家出货量:158
商家id:3933	商家出货量:75
商家id:3934	商家出货量:47
商家id:3935	商家出货量:821
商家id:3936	商家出货量:1255
商家id:3937	商家出货量:199
商家id:3938	商家出货量:293
商家id:3939	商家出货量:30
商家id:394	商家出货量:13
商家id:3940	商家出货量:91
商家id:3941	商家出货量:702
商家id:3942	商家出货量:16
商家id:3943	商家出货量:29
商家id:3944	商家出货量:67
商家id:3945	商家出货量:28
商家id:3946	商家出货量:35
商家id:3947	商家出货量:121
商家id:3948	商家出货量:71
商家id:3949	商家出货量:885
商家id:395	商家出货量:95
商家id:3950	商家出货量:212
商家id:3951	商家出货量:511
商家id:3952	商家出货量:224
商家id:3953	商家出货量:139
商家id:3954	商家出货量:766
商家id:3955	商家出货量:1448
商家id:3956	商家出货量:382
商家id:3957	商家出货量:120
商家id:3958	商家出货量:487
商家id:3959	商家出货量:283
商家id:396	商家出货量:407
商家id:3960	商家出货量:20
商家id:3961	商家出货量:77
商家id:3962	商家出货量:77
商家id:3963	商家出货量:258
商家id:3964	商家出货量:63
商家id:3965	商家出货量:1280
商家id:3966	商家出货量:35
商家id:3967	商家出货量:55
商家id:3968	商家出货量:1463
商家id:3969	商家出货量:61
商家id:397	商家出货量:326
商家id:3970	商家出货量:815
商家id:3971	商家出货量:1930
商家id:3972	商家出货量:32
商家id:3973	商家出货量:50
商家id:3974	商家出货量:104
商家id:3975	商家出货量:59
商家id:3976	商家出货量:42
商家id:3977	商家出货量:24
商家id:3978	商家出货量:61
商家id:3979	商家出货量:568
商家id:398	商家出货量:129
商家id:3980	商家出货量:245
商家id:3981	商家出货量:108
商家id:3982	商家出货量:104
商家id:3983	商家出货量:44
商家id:3984	商家出货量:725
商家id:3985	商家出货量:337
商家id:3986	商家出货量:304
商家id:3987	商家出货量:97
商家id:3988	商家出货量:77
商家id:3989	商家出货量:41
商家id:399	商家出货量:61
商家id:3990	商家出货量:1729
商家id:3991	商家出货量:120
商家id:3992	商家出货量:213
商家id:3993	商家出货量:54
商家id:3994	商家出货量:51
商家id:3995	商家出货量:277
商家id:3996	商家出货量:48
商家id:3997	商家出货量:232
商家id:3998	商家出货量:52
商家id:3999	商家出货量:32
商家id:4	商家出货量:6
商家id:40	商家出货量:260
商家id:400	商家出货量:45
商家id:4000	商家出货量:29
商家id:4001	商家出货量:104
商家id:4002	商家出货量:97
商家id:4003	商家出货量:103
商家id:4004	商家出货量:30
商家id:4005	商家出货量:210
商家id:4006	商家出货量:377
商家id:4007	商家出货量:95
商家id:4008	商家出货量:112
商家id:4009	商家出货量:323
商家id:401	商家出货量:94
商家id:4010	商家出货量:52
商家id:4011	商家出货量:56
商家id:4012	商家出货量:63
商家id:4013	商家出货量:24
商家id:4014	商家出货量:29
商家id:4015	商家出货量:242
商家id:4016	商家出货量:19
商家id:4017	商家出货量:58
商家id:4018	商家出货量:42
商家id:4019	商家出货量:51
商家id:402	商家出货量:412
商家id:4020	商家出货量:54
商家id:4021	商家出货量:221
商家id:4022	商家出货量:493
商家id:4023	商家出货量:34
商家id:4024	商家出货量:285
商家id:4025	商家出货量:98
商家id:4026	商家出货量:544
商家id:4027	商家出货量:54
商家id:4028	商家出货量:101
商家id:4029	商家出货量:25
商家id:403	商家出货量:148
商家id:4030	商家出货量:67
商家id:4031	商家出货量:19
商家id:4032	商家出货量:187
商家id:4033	商家出货量:98
商家id:4034	商家出货量:73
商家id:4035	商家出货量:303
商家id:4036	商家出货量:86
商家id:4037	商家出货量:69
商家id:4038	商家出货量:20
商家id:4039	商家出货量:394
商家id:404	商家出货量:97
商家id:4040	商家出货量:547
商家id:4041	商家出货量:254
商家id:4042	商家出货量:1227
商家id:4043	商家出货量:4219
商家id:4044	商家出货量:12698
商家id:4045	商家出货量:52
商家id:4046	商家出货量:25
商家id:4047	商家出货量:249
商家id:4048	商家出货量:2733
商家id:4049	商家出货量:1502
商家id:405	商家出货量:22
商家id:4050	商家出货量:441
商家id:4051	商家出货量:18
商家id:4052	商家出货量:120
商家id:4053	商家出货量:190
商家id:4054	商家出货量:24
商家id:4055	商家出货量:28
商家id:4056	商家出货量:69
商家id:4057	商家出货量:99
商家id:4058	商家出货量:30
商家id:4059	商家出货量:48
商家id:406	商家出货量:101
商家id:4060	商家出货量:116
商家id:4061	商家出货量:75
商家id:4062	商家出货量:85
商家id:4063	商家出货量:41
商家id:4064	商家出货量:311
商家id:4065	商家出货量:51
商家id:4066	商家出货量:134
商家id:4067	商家出货量:222
商家id:4068	商家出货量:24
商家id:4069	商家出货量:14
商家id:407	商家出货量:24
商家id:4070	商家出货量:48
商家id:4071	商家出货量:539
商家id:4072	商家出货量:301
商家id:4073	商家出货量:443
商家id:4074	商家出货量:42
商家id:4075	商家出货量:57
商家id:4076	商家出货量:78
商家id:4077	商家出货量:69
商家id:4078	商家出货量:159
商家id:4079	商家出货量:4474
商家id:408	商家出货量:97
商家id:4080	商家出货量:57
商家id:4081	商家出货量:51
商家id:4082	商家出货量:53
商家id:4083	商家出货量:527
商家id:4084	商家出货量:179
商家id:4085	商家出货量:73
商家id:4086	商家出货量:141
商家id:4087	商家出货量:124
商家id:4088	商家出货量:96
商家id:4089	商家出货量:15
商家id:409	商家出货量:28
商家id:4090	商家出货量:1901
商家id:4091	商家出货量:267
商家id:4092	商家出货量:28
商家id:4093	商家出货量:104
商家id:4094	商家出货量:2426
商家id:4095	商家出货量:67
商家id:4096	商家出货量:145
商家id:4097	商家出货量:84
商家id:4098	商家出货量:75
商家id:4099	商家出货量:160
商家id:41	商家出货量:123
商家id:410	商家出货量:61
商家id:4100	商家出货量:40
商家id:4101	商家出货量:56
商家id:4102	商家出货量:180
商家id:4103	商家出货量:12
商家id:4104	商家出货量:43
商家id:4105	商家出货量:21
商家id:4106	商家出货量:41
商家id:4107	商家出货量:118
商家id:4108	商家出货量:72
商家id:4109	商家出货量:11
商家id:411	商家出货量:566
商家id:4110	商家出货量:93
商家id:4111	商家出货量:296
商家id:4112	商家出货量:106
商家id:4113	商家出货量:15
商家id:4114	商家出货量:21
商家id:4115	商家出货量:314
商家id:4116	商家出货量:95
商家id:4117	商家出货量:23
商家id:4118	商家出货量:194
商家id:4119	商家出货量:27
商家id:412	商家出货量:1188
商家id:4120	商家出货量:84
商家id:4121	商家出货量:89
商家id:4122	商家出货量:60
商家id:4123	商家出货量:37
商家id:4124	商家出货量:56
商家id:4125	商家出货量:131
商家id:4126	商家出货量:674
商家id:4127	商家出货量:1976
商家id:4128	商家出货量:82
商家id:4129	商家出货量:1476
商家id:413	商家出货量:23
商家id:4130	商家出货量:53
商家id:4131	商家出货量:530
商家id:4132	商家出货量:41
商家id:4133	商家出货量:80
商家id:4134	商家出货量:41
商家id:4135	商家出货量:70
商家id:4136	商家出货量:109
商家id:4137	商家出货量:258
商家id:4138	商家出货量:75
商家id:4139	商家出货量:74
商家id:414	商家出货量:335
商家id:4140	商家出货量:197
商家id:4141	商家出货量:123
商家id:4142	商家出货量:52
商家id:4143	商家出货量:1217
商家id:4144	商家出货量:165
商家id:4145	商家出货量:135
商家id:4146	商家出货量:23
商家id:4147	商家出货量:72
商家id:4148	商家出货量:65
商家id:4149	商家出货量:64
商家id:415	商家出货量:688
商家id:4150	商家出货量:372
商家id:4151	商家出货量:61
商家id:4152	商家出货量:180
商家id:4153	商家出货量:132
商家id:4154	商家出货量:51
商家id:4155	商家出货量:64
商家id:4156	商家出货量:17
商家id:4157	商家出货量:94
商家id:4158	商家出货量:86
商家id:4159	商家出货量:198
商家id:416	商家出货量:3360
商家id:4160	商家出货量:1702
商家id:4161	商家出货量:2336
商家id:4162	商家出货量:91
商家id:4163	商家出货量:255
商家id:4164	商家出货量:452
商家id:4165	商家出货量:92
商家id:4166	商家出货量:24
商家id:4167	商家出货量:18
商家id:4168	商家出货量:46
商家id:4169	商家出货量:130
商家id:417	商家出货量:34
商家id:4170	商家出货量:2977
商家id:4171	商家出货量:1464
商家id:4172	商家出货量:94
商家id:4173	商家出货量:8039
商家id:4174	商家出货量:35
商家id:4175	商家出货量:190
商家id:4176	商家出货量:36
商家id:4177	商家出货量:85
商家id:4178	商家出货量:137
商家id:4179	商家出货量:166
商家id:418	商家出货量:127
商家id:4180	商家出货量:54
商家id:4181	商家出货量:79
商家id:4182	商家出货量:135
商家id:4183	商家出货量:120
商家id:4184	商家出货量:69
商家id:4185	商家出货量:116
商家id:4186	商家出货量:396
商家id:4187	商家出货量:498
商家id:4188	商家出货量:960
商家id:4189	商家出货量:21
商家id:419	商家出货量:26
商家id:4190	商家出货量:25
商家id:4191	商家出货量:85
商家id:4192	商家出货量:206
商家id:4193	商家出货量:95
商家id:4194	商家出货量:48
商家id:4195	商家出货量:190
商家id:4196	商家出货量:329
商家id:4197	商家出货量:229
商家id:4198	商家出货量:531
商家id:4199	商家出货量:108
商家id:42	商家出货量:113
商家id:420	商家出货量:5344
商家id:4200	商家出货量:216
商家id:4201	商家出货量:46
商家id:4202	商家出货量:37
商家id:4203	商家出货量:54
商家id:4204	商家出货量:40
商家id:4205	商家出货量:1665
商家id:4206	商家出货量:25
商家id:4207	商家出货量:35
商家id:4208	商家出货量:38
商家id:4209	商家出货量:134
商家id:421	商家出货量:53
商家id:4210	商家出货量:23
商家id:4211	商家出货量:43
商家id:4212	商家出货量:105
商家id:4213	商家出货量:59
商家id:4214	商家出货量:44
商家id:4215	商家出货量:15
商家id:4216	商家出货量:30
商家id:4217	商家出货量:241
商家id:4218	商家出货量:4789
商家id:4219	商家出货量:237
商家id:422	商家出货量:7200
商家id:4220	商家出货量:272
商家id:4221	商家出货量:245
商家id:4222	商家出货量:13
商家id:4223	商家出货量:143
商家id:4224	商家出货量:70
商家id:4225	商家出货量:96
商家id:4226	商家出货量:16
商家id:4227	商家出货量:28
商家id:4228	商家出货量:78
商家id:4229	商家出货量:41
商家id:423	商家出货量:583
商家id:4230	商家出货量:68
商家id:4231	商家出货量:38
商家id:4232	商家出货量:262
商家id:4233	商家出货量:61
商家id:4234	商家出货量:1907
商家id:4235	商家出货量:80
商家id:4236	商家出货量:20
商家id:4237	商家出货量:47
商家id:4238	商家出货量:576
商家id:4239	商家出货量:272
商家id:424	商家出货量:372
商家id:4240	商家出货量:267
商家id:4241	商家出货量:36
商家id:4242	商家出货量:51
商家id:4243	商家出货量:275
商家id:4244	商家出货量:725
商家id:4245	商家出货量:167
商家id:4246	商家出货量:91
商家id:4247	商家出货量:38
商家id:4248	商家出货量:124
商家id:4249	商家出货量:254
商家id:425	商家出货量:61
商家id:4250	商家出货量:53
商家id:4251	商家出货量:378
商家id:4252	商家出货量:62
商家id:4253	商家出货量:77
商家id:4254	商家出货量:309
商家id:4255	商家出货量:255
商家id:4256	商家出货量:418
商家id:4257	商家出货量:2995
商家id:4258	商家出货量:135
商家id:4259	商家出货量:34
商家id:426	商家出货量:219
商家id:4260	商家出货量:125
商家id:4261	商家出货量:275
商家id:4262	商家出货量:51
商家id:4263	商家出货量:79
商家id:4264	商家出货量:31
商家id:4265	商家出货量:917
商家id:4266	商家出货量:35
商家id:4267	商家出货量:1075
商家id:4268	商家出货量:192
商家id:4269	商家出货量:132
商家id:427	商家出货量:71
商家id:4270	商家出货量:990
商家id:4271	商家出货量:83
商家id:4272	商家出货量:66
商家id:4273	商家出货量:116
商家id:4274	商家出货量:335
商家id:4275	商家出货量:27
商家id:4276	商家出货量:298
商家id:4277	商家出货量:97
商家id:4278	商家出货量:169
商家id:4279	商家出货量:52
商家id:428	商家出货量:166
商家id:4280	商家出货量:809
商家id:4281	商家出货量:266
商家id:4282	商家出货量:4305
商家id:4283	商家出货量:82
商家id:4284	商家出货量:30
商家id:4285	商家出货量:31
商家id:4286	商家出货量:43
商家id:4287	商家出货量:2133
商家id:4288	商家出货量:61
商家id:4289	商家出货量:580
商家id:429	商家出货量:265
商家id:4290	商家出货量:17
商家id:4291	商家出货量:110
商家id:4292	商家出货量:52
商家id:4293	商家出货量:252
商家id:4294	商家出货量:94
商家id:4295	商家出货量:24
商家id:4296	商家出货量:76
商家id:4297	商家出货量:34
商家id:4298	商家出货量:613
商家id:4299	商家出货量:35
商家id:43	商家出货量:56
商家id:430	商家出货量:40
商家id:4300	商家出货量:18
商家id:4301	商家出货量:30
商家id:4302	商家出货量:72
商家id:4303	商家出货量:59
商家id:4304	商家出货量:72
商家id:4305	商家出货量:543
商家id:4306	商家出货量:138
商家id:4307	商家出货量:44
商家id:4308	商家出货量:121
商家id:4309	商家出货量:74
商家id:431	商家出货量:43
商家id:4310	商家出货量:281
商家id:4311	商家出货量:654
商家id:4312	商家出货量:114
商家id:4313	商家出货量:31
商家id:4314	商家出货量:24
商家id:4315	商家出货量:37
商家id:4316	商家出货量:229
商家id:4317	商家出货量:79
商家id:4318	商家出货量:182
商家id:4319	商家出货量:133
商家id:432	商家出货量:52
商家id:4320	商家出货量:48
商家id:4321	商家出货量:381
商家id:4322	商家出货量:1014
商家id:4323	商家出货量:175
商家id:4324	商家出货量:331
商家id:4325	商家出货量:1077
商家id:4326	商家出货量:80
商家id:4327	商家出货量:43
商家id:4328	商家出货量:14
商家id:4329	商家出货量:196
商家id:433	商家出货量:154
商家id:4330	商家出货量:44
商家id:4331	商家出货量:40
商家id:4332	商家出货量:93
商家id:4333	商家出货量:271
商家id:4334	商家出货量:64
商家id:4335	商家出货量:257
商家id:4336	商家出货量:642
商家id:4337	商家出货量:92
商家id:4338	商家出货量:23
商家id:4339	商家出货量:181
商家id:434	商家出货量:142
商家id:4340	商家出货量:118
商家id:4341	商家出货量:18
商家id:4342	商家出货量:133
商家id:4343	商家出货量:40
商家id:4344	商家出货量:47
商家id:4345	商家出货量:57
商家id:4346	商家出货量:383
商家id:4347	商家出货量:88
商家id:4348	商家出货量:57
商家id:4349	商家出货量:208
商家id:435	商家出货量:133
商家id:4350	商家出货量:26
商家id:4351	商家出货量:125
商家id:4352	商家出货量:103
商家id:4353	商家出货量:44
商家id:4354	商家出货量:137
商家id:4355	商家出货量:1417
商家id:4356	商家出货量:113
商家id:4357	商家出货量:126
商家id:4358	商家出货量:87
商家id:4359	商家出货量:81
商家id:436	商家出货量:139
商家id:4360	商家出货量:35
商家id:4361	商家出货量:167
商家id:4362	商家出货量:68
商家id:4363	商家出货量:143
商家id:4364	商家出货量:84
商家id:4365	商家出货量:156
商家id:4366	商家出货量:74
商家id:4367	商家出货量:56
商家id:4368	商家出货量:1552
商家id:4369	商家出货量:105
商家id:437	商家出货量:1907
商家id:4370	商家出货量:79
商家id:4371	商家出货量:394
商家id:4372	商家出货量:170
商家id:4373	商家出货量:72
商家id:4374	商家出货量:290
商家id:4375	商家出货量:25
商家id:4376	商家出货量:223
商家id:4377	商家出货量:58
商家id:4378	商家出货量:91
商家id:4379	商家出货量:24
商家id:438	商家出货量:69
商家id:4380	商家出货量:83
商家id:4381	商家出货量:56
商家id:4382	商家出货量:79
商家id:4383	商家出货量:39
商家id:4384	商家出货量:19
商家id:4385	商家出货量:696
商家id:4386	商家出货量:125
商家id:4387	商家出货量:84
商家id:4388	商家出货量:610
商家id:4389	商家出货量:14
商家id:439	商家出货量:62
商家id:4390	商家出货量:498
商家id:4391	商家出货量:247
商家id:4392	商家出货量:109
商家id:4393	商家出货量:21
商家id:4394	商家出货量:2662
商家id:4395	商家出货量:136
商家id:4396	商家出货量:39
商家id:4397	商家出货量:25
商家id:4398	商家出货量:105
商家id:4399	商家出货量:56
商家id:44	商家出货量:183
商家id:440	商家出货量:37
商家id:4400	商家出货量:52
商家id:4401	商家出货量:113
商家id:4402	商家出货量:80
商家id:4403	商家出货量:121
商家id:4404	商家出货量:1164
商家id:4405	商家出货量:104
商家id:4406	商家出货量:67
商家id:4407	商家出货量:108
商家id:4408	商家出货量:184
商家id:4409	商家出货量:15
商家id:441	商家出货量:75
商家id:4410	商家出货量:939
商家id:4411	商家出货量:27
商家id:4412	商家出货量:31
商家id:4413	商家出货量:139
商家id:4414	商家出货量:81
商家id:4415	商家出货量:43
商家id:4416	商家出货量:182
商家id:4417	商家出货量:99
商家id:4418	商家出货量:24
商家id:4419	商家出货量:75
商家id:442	商家出货量:89
商家id:4420	商家出货量:237
商家id:4421	商家出货量:326
商家id:4422	商家出货量:44
商家id:4423	商家出货量:507
商家id:4424	商家出货量:72
商家id:4425	商家出货量:103
商家id:4426	商家出货量:161
商家id:4427	商家出货量:1978
商家id:4428	商家出货量:21
商家id:4429	商家出货量:51
商家id:443	商家出货量:152
商家id:4430	商家出货量:15
商家id:4431	商家出货量:111
商家id:4432	商家出货量:172
商家id:4433	商家出货量:102
商家id:4434	商家出货量:35
商家id:4435	商家出货量:18
商家id:4436	商家出货量:111
商家id:4437	商家出货量:117
商家id:4438	商家出货量:636
商家id:4439	商家出货量:25
商家id:444	商家出货量:384
商家id:4440	商家出货量:391
商家id:4441	商家出货量:23
商家id:4442	商家出货量:163
商家id:4443	商家出货量:58
商家id:4444	商家出货量:2059
商家id:4445	商家出货量:39
商家id:4446	商家出货量:17
商家id:4447	商家出货量:28
商家id:4448	商家出货量:48
商家id:4449	商家出货量:20
商家id:445	商家出货量:72
商家id:4450	商家出货量:335
商家id:4451	商家出货量:109
商家id:4452	商家出货量:18
商家id:4453	商家出货量:155
商家id:4454	商家出货量:53
商家id:4455	商家出货量:250
商家id:4456	商家出货量:61
商家id:4457	商家出货量:33
商家id:4458	商家出货量:70
商家id:4459	商家出货量:409
商家id:446	商家出货量:21
商家id:4460	商家出货量:69
商家id:4461	商家出货量:28
商家id:4462	商家出货量:46
商家id:4463	商家出货量:264
商家id:4464	商家出货量:87
商家id:4465	商家出货量:571
商家id:4466	商家出货量:87
商家id:4467	商家出货量:1488
商家id:4468	商家出货量:286
商家id:4469	商家出货量:194
商家id:447	商家出货量:62
商家id:4470	商家出货量:35
商家id:4471	商家出货量:77
商家id:4472	商家出货量:299
商家id:4473	商家出货量:51
商家id:4474	商家出货量:356
商家id:4475	商家出货量:301
商家id:4476	商家出货量:148
商家id:4477	商家出货量:74
商家id:4478	商家出货量:93
商家id:4479	商家出货量:106
商家id:448	商家出货量:41
商家id:4480	商家出货量:691
商家id:4481	商家出货量:102
商家id:4482	商家出货量:114
商家id:4483	商家出货量:222
商家id:4484	商家出货量:60
商家id:4485	商家出货量:98
商家id:4486	商家出货量:154
商家id:4487	商家出货量:36
商家id:4488	商家出货量:47
商家id:4489	商家出货量:30
商家id:449	商家出货量:463
商家id:4490	商家出货量:84
商家id:4491	商家出货量:431
商家id:4492	商家出货量:415
商家id:4493	商家出货量:158
商家id:4494	商家出货量:213
商家id:4495	商家出货量:16
商家id:4496	商家出货量:93
商家id:4497	商家出货量:24
商家id:4498	商家出货量:94
商家id:4499	商家出货量:666
商家id:45	商家出货量:25
商家id:450	商家出货量:100
商家id:4500	商家出货量:341
商家id:4501	商家出货量:326
商家id:4502	商家出货量:130
商家id:4503	商家出货量:85
商家id:4504	商家出货量:889
商家id:4505	商家出货量:140
商家id:4506	商家出货量:253
商家id:4507	商家出货量:14
商家id:4508	商家出货量:363
商家id:4509	商家出货量:1881
商家id:451	商家出货量:8
商家id:4510	商家出货量:28
商家id:4511	商家出货量:33
商家id:4512	商家出货量:262
商家id:4513	商家出货量:137
商家id:4514	商家出货量:104
商家id:4515	商家出货量:41
商家id:4516	商家出货量:81
商家id:4517	商家出货量:27
商家id:4518	商家出货量:35
商家id:4519	商家出货量:97
商家id:452	商家出货量:32
商家id:4520	商家出货量:178
商家id:4521	商家出货量:60
商家id:4522	商家出货量:134
商家id:4523	商家出货量:302
商家id:4524	商家出货量:79
商家id:4525	商家出货量:1612
商家id:4526	商家出货量:54
商家id:4527	商家出货量:149
商家id:4528	商家出货量:455
商家id:4529	商家出货量:57
商家id:453	商家出货量:39
商家id:4530	商家出货量:23
商家id:4531	商家出货量:75
商家id:4532	商家出货量:111
商家id:4533	商家出货量:450
商家id:4534	商家出货量:640
商家id:4535	商家出货量:81
商家id:4536	商家出货量:1027
商家id:4537	商家出货量:64
商家id:4538	商家出货量:3030
商家id:4539	商家出货量:108
商家id:454	商家出货量:18
商家id:4540	商家出货量:283
商家id:4541	商家出货量:28
商家id:4542	商家出货量:305
商家id:4543	商家出货量:69
商家id:4544	商家出货量:48
商家id:4545	商家出货量:372
商家id:4546	商家出货量:954
商家id:4547	商家出货量:227
商家id:4548	商家出货量:241
商家id:4549	商家出货量:63
商家id:455	商家出货量:26
商家id:4550	商家出货量:101
商家id:4551	商家出货量:53
商家id:4552	商家出货量:121
商家id:4553	商家出货量:30
商家id:4554	商家出货量:385
商家id:4555	商家出货量:108
商家id:4556	商家出货量:29
商家id:4557	商家出货量:56
商家id:4558	商家出货量:1226
商家id:4559	商家出货量:23
商家id:456	商家出货量:303
商家id:4560	商家出货量:146
商家id:4561	商家出货量:27
商家id:4562	商家出货量:122
商家id:4563	商家出货量:19
商家id:4564	商家出货量:154
商家id:4565	商家出货量:105
商家id:4566	商家出货量:693
商家id:4567	商家出货量:923
商家id:4568	商家出货量:266
商家id:4569	商家出货量:192
商家id:457	商家出货量:124
商家id:4570	商家出货量:75
商家id:4571	商家出货量:190
商家id:4572	商家出货量:30
商家id:4573	商家出货量:37
商家id:4574	商家出货量:16
商家id:4575	商家出货量:35
商家id:4576	商家出货量:22
商家id:4577	商家出货量:329
商家id:4578	商家出货量:76
商家id:4579	商家出货量:55
商家id:458	商家出货量:75
商家id:4580	商家出货量:105
商家id:4581	商家出货量:57
商家id:4582	商家出货量:187
商家id:4583	商家出货量:99
商家id:4584	商家出货量:208
商家id:4585	商家出货量:1594
商家id:4586	商家出货量:34
商家id:4587	商家出货量:67
商家id:4588	商家出货量:34
商家id:4589	商家出货量:575
商家id:459	商家出货量:50
商家id:4590	商家出货量:28
商家id:4591	商家出货量:14
商家id:4592	商家出货量:51
商家id:4593	商家出货量:74
商家id:4594	商家出货量:471
商家id:4595	商家出货量:86
商家id:4596	商家出货量:117
商家id:4597	商家出货量:227
商家id:4598	商家出货量:88
商家id:4599	商家出货量:112
商家id:46	商家出货量:385
商家id:460	商家出货量:64
商家id:4600	商家出货量:310
商家id:4601	商家出货量:175
商家id:4602	商家出货量:54
商家id:4603	商家出货量:28
商家id:4604	商家出货量:54
商家id:4605	商家出货量:2247
商家id:4606	商家出货量:71
商家id:4607	商家出货量:1094
商家id:4608	商家出货量:48
商家id:4609	商家出货量:103
商家id:461	商家出货量:1393
商家id:4610	商家出货量:71
商家id:4611	商家出货量:18
商家id:4612	商家出货量:14
商家id:4613	商家出货量:56
商家id:4614	商家出货量:215
商家id:4615	商家出货量:724
商家id:4616	商家出货量:270
商家id:4617	商家出货量:107
商家id:4618	商家出货量:256
商家id:4619	商家出货量:56
商家id:462	商家出货量:65
商家id:4620	商家出货量:62
商家id:4621	商家出货量:29
商家id:4622	商家出货量:631
商家id:4623	商家出货量:34
商家id:4624	商家出货量:35
商家id:4625	商家出货量:56
商家id:4626	商家出货量:17
商家id:4627	商家出货量:31
商家id:4628	商家出货量:134
商家id:4629	商家出货量:76
商家id:463	商家出货量:16
商家id:4630	商家出货量:468
商家id:4631	商家出货量:67
商家id:4632	商家出货量:171
商家id:4633	商家出货量:378
商家id:4634	商家出货量:55
商家id:4635	商家出货量:56
商家id:4636	商家出货量:73
商家id:4637	商家出货量:59
商家id:4638	商家出货量:108
商家id:4639	商家出货量:57
商家id:464	商家出货量:115
商家id:4640	商家出货量:383
商家id:4641	商家出货量:108
商家id:4642	商家出货量:298
商家id:4643	商家出货量:163
商家id:4644	商家出货量:5704
商家id:4645	商家出货量:131
商家id:4646	商家出货量:92
商家id:4647	商家出货量:272
商家id:4648	商家出货量:1996
商家id:4649	商家出货量:175
商家id:465	商家出货量:476
商家id:4650	商家出货量:432
商家id:4651	商家出货量:227
商家id:4652	商家出货量:105
商家id:4653	商家出货量:48
商家id:4654	商家出货量:99
商家id:4655	商家出货量:248
商家id:4656	商家出货量:31
商家id:4657	商家出货量:104
商家id:4658	商家出货量:442
商家id:4659	商家出货量:3680
商家id:466	商家出货量:20
商家id:4660	商家出货量:135
商家id:4661	商家出货量:81
商家id:4662	商家出货量:287
商家id:4663	商家出货量:83
商家id:4664	商家出货量:56
商家id:4665	商家出货量:21
商家id:4666	商家出货量:164
商家id:4667	商家出货量:127
商家id:4668	商家出货量:113
商家id:4669	商家出货量:40
商家id:467	商家出货量:1852
商家id:4670	商家出货量:67
商家id:4671	商家出货量:38
商家id:4672	商家出货量:84
商家id:4673	商家出货量:49
商家id:4674	商家出货量:28
商家id:4675	商家出货量:82
商家id:4676	商家出货量:33
商家id:4677	商家出货量:164
商家id:4678	商家出货量:96
商家id:4679	商家出货量:50
商家id:468	商家出货量:264
商家id:4680	商家出货量:100
商家id:4681	商家出货量:36
商家id:4682	商家出货量:68
商家id:4683	商家出货量:30
商家id:4684	商家出货量:111
商家id:4685	商家出货量:411
商家id:4686	商家出货量:583
商家id:4687	商家出货量:734
商家id:4688	商家出货量:1105
商家id:4689	商家出货量:11
商家id:469	商家出货量:183
商家id:4690	商家出货量:88
商家id:4691	商家出货量:38
商家id:4692	商家出货量:20
商家id:4693	商家出货量:354
商家id:4694	商家出货量:23
商家id:4695	商家出货量:536
商家id:4696	商家出货量:280
商家id:4697	商家出货量:86
商家id:4698	商家出货量:179
商家id:4699	商家出货量:95
商家id:47	商家出货量:54
商家id:470	商家出货量:531
商家id:4700	商家出货量:64
商家id:4701	商家出货量:50
商家id:4702	商家出货量:59
商家id:4703	商家出货量:239
商家id:4704	商家出货量:20
商家id:4705	商家出货量:1060
商家id:4706	商家出货量:61
商家id:4707	商家出货量:222
商家id:4708	商家出货量:931
商家id:4709	商家出货量:653
商家id:471	商家出货量:87
商家id:4710	商家出货量:215
商家id:4711	商家出货量:40
商家id:4712	商家出货量:157
商家id:4713	商家出货量:44
商家id:4714	商家出货量:91
商家id:4715	商家出货量:29
商家id:4716	商家出货量:28
商家id:4717	商家出货量:78
商家id:4718	商家出货量:648
商家id:4719	商家出货量:57
商家id:472	商家出货量:221
商家id:4720	商家出货量:105
商家id:4721	商家出货量:19
商家id:4722	商家出货量:50
商家id:4723	商家出货量:20
商家id:4724	商家出货量:563
商家id:4725	商家出货量:152
商家id:4726	商家出货量:143
商家id:4727	商家出货量:271
商家id:4728	商家出货量:164
商家id:4729	商家出货量:160
商家id:473	商家出货量:252
商家id:4730	商家出货量:68
商家id:4731	商家出货量:627
商家id:4732	商家出货量:147
商家id:4733	商家出货量:141
商家id:4734	商家出货量:33
商家id:4735	商家出货量:139
商家id:4736	商家出货量:14
商家id:4737	商家出货量:38
商家id:4738	商家出货量:111
商家id:4739	商家出货量:231
商家id:474	商家出货量:2968
商家id:4740	商家出货量:199
商家id:4741	商家出货量:206
商家id:4742	商家出货量:61
商家id:4743	商家出货量:57
商家id:4744	商家出货量:540
商家id:4745	商家出货量:344
商家id:4746	商家出货量:25
商家id:4747	商家出货量:319
商家id:4748	商家出货量:22
商家id:4749	商家出货量:24
商家id:475	商家出货量:17
商家id:4750	商家出货量:165
商家id:4751	商家出货量:557
商家id:4752	商家出货量:1673
商家id:4753	商家出货量:18
商家id:4754	商家出货量:50
商家id:4755	商家出货量:132
商家id:4756	商家出货量:916
商家id:4757	商家出货量:39
商家id:4758	商家出货量:22
商家id:4759	商家出货量:53
商家id:476	商家出货量:115
商家id:4760	商家出货量:5145
商家id:4761	商家出货量:16
商家id:4762	商家出货量:63
商家id:4763	商家出货量:72
商家id:4764	商家出货量:151
商家id:4765	商家出货量:847
商家id:4766	商家出货量:3533
商家id:4767	商家出货量:24
商家id:4768	商家出货量:457
商家id:4769	商家出货量:31
商家id:477	商家出货量:270
商家id:4770	商家出货量:80
商家id:4771	商家出货量:463
商家id:4772	商家出货量:77
商家id:4773	商家出货量:283
商家id:4774	商家出货量:32
商家id:4775	商家出货量:644
商家id:4776	商家出货量:741
商家id:4777	商家出货量:26
商家id:4778	商家出货量:39
商家id:4779	商家出货量:57
商家id:478	商家出货量:228
商家id:4780	商家出货量:53
商家id:4781	商家出货量:166
商家id:4782	商家出货量:30
商家id:4783	商家出货量:721
商家id:4784	商家出货量:44
商家id:4785	商家出货量:83
商家id:4786	商家出货量:31
商家id:4787	商家出货量:233
商家id:4788	商家出货量:49
商家id:4789	商家出货量:190
商家id:479	商家出货量:289
商家id:4790	商家出货量:59
商家id:4791	商家出货量:203
商家id:4792	商家出货量:1223
商家id:4793	商家出货量:640
商家id:4794	商家出货量:223
商家id:4795	商家出货量:59
商家id:4796	商家出货量:89
商家id:4797	商家出货量:214
商家id:4798	商家出货量:1840
商家id:4799	商家出货量:45
商家id:48	商家出货量:61
商家id:480	商家出货量:43
商家id:4800	商家出货量:35
商家id:4801	商家出货量:25
商家id:4802	商家出货量:78
商家id:4803	商家出货量:391
商家id:4804	商家出货量:15
商家id:4805	商家出货量:67
商家id:4806	商家出货量:17
商家id:4807	商家出货量:10
商家id:4808	商家出货量:198
商家id:4809	商家出货量:48
商家id:481	商家出货量:198
商家id:4810	商家出货量:115
商家id:4811	商家出货量:220
商家id:4812	商家出货量:32
商家id:4813	商家出货量:96
商家id:4814	商家出货量:43
商家id:4815	商家出货量:46
商家id:4816	商家出货量:92
商家id:4817	商家出货量:293
商家id:4818	商家出货量:2365
商家id:4819	商家出货量:27
商家id:482	商家出货量:19
商家id:4820	商家出货量:146
商家id:4821	商家出货量:98
商家id:4822	商家出货量:49
商家id:4823	商家出货量:46
商家id:4824	商家出货量:51
商家id:4825	商家出货量:69
商家id:4826	商家出货量:382
商家id:4827	商家出货量:211
商家id:4828	商家出货量:324
商家id:4829	商家出货量:444
商家id:483	商家出货量:653
商家id:4830	商家出货量:69
商家id:4831	商家出货量:10
商家id:4832	商家出货量:180
商家id:4833	商家出货量:159
商家id:4834	商家出货量:80
商家id:4835	商家出货量:115
商家id:4836	商家出货量:262
商家id:4837	商家出货量:35
商家id:4838	商家出货量:133
商家id:4839	商家出货量:25
商家id:484	商家出货量:153
商家id:4840	商家出货量:123
商家id:4841	商家出货量:206
商家id:4842	商家出货量:104
商家id:4843	商家出货量:31
商家id:4844	商家出货量:30
商家id:4845	商家出货量:2753
商家id:4846	商家出货量:82
商家id:4847	商家出货量:2018
商家id:4848	商家出货量:429
商家id:4849	商家出货量:21
商家id:485	商家出货量:82
商家id:4850	商家出货量:1632
商家id:4851	商家出货量:108
商家id:4852	商家出货量:59
商家id:4853	商家出货量:38
商家id:4854	商家出货量:84
商家id:4855	商家出货量:76
商家id:4856	商家出货量:62
商家id:4857	商家出货量:43
商家id:4858	商家出货量:304
商家id:4859	商家出货量:69
商家id:486	商家出货量:24
商家id:4860	商家出货量:384
商家id:4861	商家出货量:145
商家id:4862	商家出货量:72
商家id:4863	商家出货量:51
商家id:4864	商家出货量:1837
商家id:4865	商家出货量:1212
商家id:4866	商家出货量:25
商家id:4867	商家出货量:26
商家id:4868	商家出货量:53
商家id:4869	商家出货量:1016
商家id:487	商家出货量:46
商家id:4870	商家出货量:32
商家id:4871	商家出货量:1817
商家id:4872	商家出货量:38
商家id:4873	商家出货量:52
商家id:4874	商家出货量:230
商家id:4875	商家出货量:45
商家id:4876	商家出货量:243
商家id:4877	商家出货量:100
商家id:4878	商家出货量:21
商家id:4879	商家出货量:155
商家id:488	商家出货量:5
商家id:4880	商家出货量:248
商家id:4881	商家出货量:378
商家id:4882	商家出货量:121
商家id:4883	商家出货量:344
商家id:4884	商家出货量:61
商家id:4885	商家出货量:41
商家id:4886	商家出货量:35
商家id:4887	商家出货量:48
商家id:4888	商家出货量:700
商家id:4889	商家出货量:27
商家id:489	商家出货量:69
商家id:4890	商家出货量:39
商家id:4891	商家出货量:135
商家id:4892	商家出货量:29
商家id:4893	商家出货量:48
商家id:4894	商家出货量:274
商家id:4895	商家出货量:146
商家id:4896	商家出货量:82
商家id:4897	商家出货量:70
商家id:4898	商家出货量:282
商家id:4899	商家出货量:229
商家id:49	商家出货量:33
商家id:490	商家出货量:82
商家id:4900	商家出货量:291
商家id:4901	商家出货量:28
商家id:4902	商家出货量:17
商家id:4903	商家出货量:133
商家id:4904	商家出货量:22
商家id:4905	商家出货量:53
商家id:4906	商家出货量:103
商家id:4907	商家出货量:36
商家id:4908	商家出货量:184
商家id:4909	商家出货量:34
商家id:491	商家出货量:22
商家id:4910	商家出货量:74
商家id:4911	商家出货量:209
商家id:4912	商家出货量:20
商家id:4913	商家出货量:61
商家id:4914	商家出货量:95
商家id:4915	商家出货量:37
商家id:4916	商家出货量:56
商家id:4917	商家出货量:77
商家id:4918	商家出货量:4854
商家id:4919	商家出货量:844
商家id:492	商家出货量:200
商家id:4920	商家出货量:166
商家id:4921	商家出货量:98
商家id:4922	商家出货量:59
商家id:4923	商家出货量:125
商家id:4924	商家出货量:1215
商家id:4925	商家出货量:81
商家id:4926	商家出货量:999
商家id:4927	商家出货量:54
商家id:4928	商家出货量:53
商家id:4929	商家出货量:61
商家id:493	商家出货量:121
商家id:4930	商家出货量:45
商家id:4931	商家出货量:15
商家id:4932	商家出货量:56
商家id:4933	商家出货量:453
商家id:4934	商家出货量:18
商家id:4935	商家出货量:15
商家id:4936	商家出货量:237
商家id:4937	商家出货量:63
商家id:4938	商家出货量:202
商家id:4939	商家出货量:870
商家id:494	商家出货量:48
商家id:4940	商家出货量:156
商家id:4941	商家出货量:25
商家id:4942	商家出货量:333
商家id:4943	商家出货量:96
商家id:4944	商家出货量:79
商家id:4945	商家出货量:2412
商家id:4946	商家出货量:77
商家id:4947	商家出货量:132
商家id:4948	商家出货量:37
商家id:4949	商家出货量:700
商家id:495	商家出货量:49
商家id:4950	商家出货量:1888
商家id:4951	商家出货量:763
商家id:4952	商家出货量:25
商家id:4953	商家出货量:155
商家id:4954	商家出货量:159
商家id:4955	商家出货量:869
商家id:4956	商家出货量:66
商家id:4957	商家出货量:93
商家id:4958	商家出货量:174
商家id:4959	商家出货量:207
商家id:496	商家出货量:189
商家id:4960	商家出货量:317
商家id:4961	商家出货量:265
商家id:4962	商家出货量:47
商家id:4963	商家出货量:958
商家id:4964	商家出货量:181
商家id:4965	商家出货量:94
商家id:4966	商家出货量:2263
商家id:4968	商家出货量:144
商家id:4969	商家出货量:43
商家id:497	商家出货量:11
商家id:4970	商家出货量:28
商家id:4971	商家出货量:123
商家id:4972	商家出货量:61
商家id:4973	商家出货量:90
商家id:4974	商家出货量:60
商家id:4975	商家出货量:79
商家id:4976	商家出货量:6584
商家id:4977	商家出货量:72
商家id:4978	商家出货量:132
商家id:4979	商家出货量:101
商家id:498	商家出货量:109
商家id:4980	商家出货量:65
商家id:4981	商家出货量:130
商家id:4982	商家出货量:208
商家id:4983	商家出货量:51
商家id:4984	商家出货量:47
商家id:4985	商家出货量:455
商家id:4986	商家出货量:71
商家id:4987	商家出货量:100
商家id:4988	商家出货量:60
商家id:4989	商家出货量:49
商家id:499	商家出货量:33
商家id:4990	商家出货量:438
商家id:4991	商家出货量:68
商家id:4992	商家出货量:1468
商家id:4993	商家出货量:325
商家id:4994	商家出货量:80
商家id:4995	商家出货量:194
商家id:5	商家出货量:99
商家id:50	商家出货量:72
商家id:500	商家出货量:295
商家id:501	商家出货量:416
商家id:502	商家出货量:68
商家id:503	商家出货量:1690
商家id:504	商家出货量:64
商家id:505	商家出货量:92
商家id:506	商家出货量:495
商家id:507	商家出货量:30
商家id:508	商家出货量:727
商家id:509	商家出货量:18
商家id:51	商家出货量:64
商家id:510	商家出货量:53
商家id:511	商家出货量:52
商家id:512	商家出货量:85
商家id:513	商家出货量:108
商家id:514	商家出货量:261
商家id:515	商家出货量:145
商家id:516	商家出货量:61
商家id:517	商家出货量:31
商家id:518	商家出货量:33
商家id:519	商家出货量:36
商家id:52	商家出货量:55
商家id:520	商家出货量:48
商家id:521	商家出货量:98
商家id:522	商家出货量:275
商家id:523	商家出货量:538
商家id:524	商家出货量:155
商家id:525	商家出货量:63
商家id:526	商家出货量:36
商家id:527	商家出货量:97
商家id:528	商家出货量:36
商家id:529	商家出货量:35
商家id:53	商家出货量:156
商家id:530	商家出货量:88
商家id:531	商家出货量:10
商家id:532	商家出货量:81
商家id:533	商家出货量:240
商家id:534	商家出货量:619
商家id:535	商家出货量:223
商家id:536	商家出货量:67
商家id:537	商家出货量:113
商家id:538	商家出货量:105
商家id:539	商家出货量:63
商家id:54	商家出货量:641
商家id:540	商家出货量:144
商家id:541	商家出货量:1001
商家id:542	商家出货量:172
商家id:543	商家出货量:32
商家id:544	商家出货量:20
商家id:545	商家出货量:35
商家id:546	商家出货量:929
商家id:547	商家出货量:1216
商家id:548	商家出货量:84
商家id:549	商家出货量:43
商家id:55	商家出货量:41
商家id:550	商家出货量:21
商家id:551	商家出货量:206
商家id:552	商家出货量:127
商家id:553	商家出货量:67
商家id:554	商家出货量:87
商家id:555	商家出货量:243
商家id:556	商家出货量:628
商家id:557	商家出货量:334
商家id:558	商家出货量:221
商家id:559	商家出货量:33
商家id:56	商家出货量:381
商家id:560	商家出货量:21
商家id:561	商家出货量:72
商家id:562	商家出货量:28
商家id:563	商家出货量:102
商家id:564	商家出货量:53
商家id:565	商家出货量:116
商家id:566	商家出货量:442
商家id:567	商家出货量:1077
商家id:568	商家出货量:19
商家id:569	商家出货量:31
商家id:57	商家出货量:39
商家id:570	商家出货量:112
商家id:571	商家出货量:40
商家id:572	商家出货量:70
商家id:573	商家出货量:39
商家id:574	商家出货量:738
商家id:575	商家出货量:127
商家id:576	商家出货量:72
商家id:577	商家出货量:223
商家id:578	商家出货量:437
商家id:579	商家出货量:112
商家id:58	商家出货量:282
商家id:580	商家出货量:19
商家id:581	商家出货量:12
商家id:582	商家出货量:37
商家id:583	商家出货量:17
商家id:584	商家出货量:11
商家id:585	商家出货量:32
商家id:586	商家出货量:2756
商家id:587	商家出货量:318
商家id:588	商家出货量:956
商家id:589	商家出货量:41
商家id:59	商家出货量:270
商家id:590	商家出货量:914
商家id:591	商家出货量:68
商家id:592	商家出货量:42
商家id:593	商家出货量:16
商家id:594	商家出货量:715
商家id:595	商家出货量:363
商家id:596	商家出货量:165
商家id:597	商家出货量:168
商家id:598	商家出货量:3761
商家id:599	商家出货量:217
商家id:6	商家出货量:22
商家id:60	商家出货量:291
商家id:600	商家出货量:53
商家id:601	商家出货量:59
商家id:602	商家出货量:102
商家id:603	商家出货量:375
商家id:604	商家出货量:88
商家id:605	商家出货量:129
商家id:606	商家出货量:3922
商家id:607	商家出货量:62
商家id:608	商家出货量:1583
商家id:609	商家出货量:555
商家id:61	商家出货量:58
商家id:610	商家出货量:19
商家id:611	商家出货量:57
商家id:612	商家出货量:681
商家id:613	商家出货量:26
商家id:614	商家出货量:232
商家id:615	商家出货量:431
商家id:616	商家出货量:50
商家id:617	商家出货量:83
商家id:618	商家出货量:15
商家id:619	商家出货量:53
商家id:62	商家出货量:69
商家id:620	商家出货量:51
商家id:621	商家出货量:196
商家id:622	商家出货量:242
商家id:623	商家出货量:442
商家id:624	商家出货量:16
商家id:625	商家出货量:453
商家id:626	商家出货量:109
商家id:627	商家出货量:70
商家id:628	商家出货量:792
商家id:629	商家出货量:249
商家id:63	商家出货量:1102
商家id:630	商家出货量:834
商家id:631	商家出货量:97
商家id:632	商家出货量:58
商家id:633	商家出货量:58
商家id:634	商家出货量:37
商家id:635	商家出货量:479
商家id:636	商家出货量:61
商家id:637	商家出货量:65
商家id:638	商家出货量:652
商家id:639	商家出货量:364
商家id:64	商家出货量:11
商家id:640	商家出货量:42
商家id:641	商家出货量:106
商家id:642	商家出货量:67
商家id:643	商家出货量:2491
商家id:644	商家出货量:279
商家id:645	商家出货量:58
商家id:646	商家出货量:92
商家id:647	商家出货量:48
商家id:648	商家出货量:91
商家id:649	商家出货量:383
商家id:65	商家出货量:134
商家id:650	商家出货量:61
商家id:651	商家出货量:479
商家id:652	商家出货量:395
商家id:653	商家出货量:520
商家id:654	商家出货量:171
商家id:655	商家出货量:30
商家id:656	商家出货量:29
商家id:657	商家出货量:78
商家id:658	商家出货量:29
商家id:659	商家出货量:22
商家id:66	商家出货量:2748
商家id:660	商家出货量:128
商家id:661	商家出货量:192
商家id:662	商家出货量:23
商家id:663	商家出货量:354
商家id:664	商家出货量:194
商家id:665	商家出货量:34
商家id:666	商家出货量:18
商家id:667	商家出货量:95
商家id:668	商家出货量:26
商家id:669	商家出货量:196
商家id:67	商家出货量:133
商家id:670	商家出货量:46
商家id:671	商家出货量:112
商家id:672	商家出货量:25
商家id:673	商家出货量:64
商家id:674	商家出货量:287
商家id:675	商家出货量:78
商家id:676	商家出货量:86
商家id:677	商家出货量:39
商家id:678	商家出货量:74
商家id:679	商家出货量:31
商家id:68	商家出货量:249
商家id:680	商家出货量:60
商家id:681	商家出货量:1
商家id:682	商家出货量:1472
商家id:683	商家出货量:385
商家id:684	商家出货量:802
商家id:685	商家出货量:2033
商家id:686	商家出货量:28
商家id:687	商家出货量:281
商家id:688	商家出货量:36
商家id:689	商家出货量:80
商家id:69	商家出货量:12
商家id:690	商家出货量:17
商家id:691	商家出货量:38
商家id:692	商家出货量:54
商家id:693	商家出货量:26
商家id:694	商家出货量:33
商家id:695	商家出货量:52
商家id:696	商家出货量:126
商家id:697	商家出货量:97
商家id:698	商家出货量:388
商家id:699	商家出货量:20
商家id:7	商家出货量:142
商家id:70	商家出货量:46
商家id:700	商家出货量:88
商家id:701	商家出货量:25
商家id:702	商家出货量:53
商家id:703	商家出货量:1102
商家id:704	商家出货量:14
商家id:705	商家出货量:28
商家id:706	商家出货量:38
商家id:707	商家出货量:139
商家id:708	商家出货量:212
商家id:709	商家出货量:48
商家id:71	商家出货量:383
商家id:710	商家出货量:372
商家id:711	商家出货量:54
商家id:712	商家出货量:24
商家id:713	商家出货量:38
商家id:714	商家出货量:69
商家id:715	商家出货量:124
商家id:716	商家出货量:19
商家id:717	商家出货量:66
商家id:718	商家出货量:218
商家id:719	商家出货量:29
商家id:72	商家出货量:113
商家id:720	商家出货量:69
商家id:721	商家出货量:234
商家id:722	商家出货量:66
商家id:723	商家出货量:38
商家id:724	商家出货量:54
商家id:725	商家出货量:51
商家id:726	商家出货量:39
商家id:727	商家出货量:29
商家id:728	商家出货量:103
商家id:729	商家出货量:398
商家id:73	商家出货量:113
商家id:730	商家出货量:222
商家id:731	商家出货量:368
商家id:732	商家出货量:60
商家id:733	商家出货量:51
商家id:734	商家出货量:45
商家id:735	商家出货量:62
商家id:736	商家出货量:74
商家id:737	商家出货量:31
商家id:738	商家出货量:440
商家id:739	商家出货量:27
商家id:74	商家出货量:83
商家id:740	商家出货量:569
商家id:741	商家出货量:61
商家id:742	商家出货量:3671
商家id:743	商家出货量:98
商家id:744	商家出货量:68
商家id:745	商家出货量:105
商家id:746	商家出货量:128
商家id:747	商家出货量:769
商家id:748	商家出货量:299
商家id:749	商家出货量:151
商家id:75	商家出货量:56
商家id:750	商家出货量:52
商家id:751	商家出货量:27
商家id:752	商家出货量:296
商家id:753	商家出货量:14
商家id:754	商家出货量:31
商家id:755	商家出货量:89
商家id:756	商家出货量:307
商家id:757	商家出货量:24
商家id:758	商家出货量:154
商家id:759	商家出货量:344
商家id:76	商家出货量:187
商家id:760	商家出货量:575
商家id:761	商家出货量:34
商家id:762	商家出货量:33
商家id:763	商家出货量:133
商家id:764	商家出货量:17
商家id:765	商家出货量:39
商家id:766	商家出货量:18
商家id:767	商家出货量:57
商家id:768	商家出货量:46
商家id:769	商家出货量:27
商家id:77	商家出货量:22
商家id:770	商家出货量:60
商家id:771	商家出货量:34
商家id:772	商家出货量:47
商家id:773	商家出货量:822
商家id:774	商家出货量:90
商家id:775	商家出货量:43
商家id:776	商家出货量:160
商家id:777	商家出货量:406
商家id:778	商家出货量:292
商家id:779	商家出货量:16
商家id:78	商家出货量:156
商家id:780	商家出货量:512
商家id:781	商家出货量:44
商家id:782	商家出货量:199
商家id:783	商家出货量:128
商家id:784	商家出货量:135
商家id:785	商家出货量:159
商家id:786	商家出货量:1372
商家id:787	商家出货量:13
商家id:788	商家出货量:22
商家id:789	商家出货量:72
商家id:79	商家出货量:89
商家id:790	商家出货量:279
商家id:791	商家出货量:558
商家id:792	商家出货量:123
商家id:793	商家出货量:374
商家id:794	商家出货量:1024
商家id:795	商家出货量:33
商家id:796	商家出货量:437
商家id:797	商家出货量:98
商家id:798	商家出货量:5161
商家id:799	商家出货量:105
商家id:8	商家出货量:87
商家id:80	商家出货量:22
商家id:800	商家出货量:101
商家id:801	商家出货量:1041
商家id:802	商家出货量:84
商家id:803	商家出货量:280
商家id:804	商家出货量:814
商家id:805	商家出货量:29
商家id:806	商家出货量:711
商家id:807	商家出货量:14
商家id:808	商家出货量:58
商家id:809	商家出货量:104
商家id:81	商家出货量:80
商家id:810	商家出货量:71
商家id:811	商家出货量:103
商家id:812	商家出货量:315
商家id:813	商家出货量:21
商家id:814	商家出货量:33
商家id:815	商家出货量:40
商家id:816	商家出货量:325
商家id:817	商家出货量:212
商家id:818	商家出货量:446
商家id:819	商家出货量:15
商家id:82	商家出货量:163
商家id:820	商家出货量:19
商家id:821	商家出货量:82
商家id:822	商家出货量:103
商家id:823	商家出货量:447
商家id:824	商家出货量:116
商家id:825	商家出货量:59
商家id:826	商家出货量:333
商家id:827	商家出货量:109
商家id:828	商家出货量:36
商家id:829	商家出货量:240
商家id:83	商家出货量:66
商家id:830	商家出货量:680
商家id:831	商家出货量:76
商家id:832	商家出货量:64
商家id:833	商家出货量:14
商家id:834	商家出货量:1079
商家id:835	商家出货量:96
商家id:836	商家出货量:136
商家id:837	商家出货量:65
商家id:838	商家出货量:21
商家id:839	商家出货量:85
商家id:84	商家出货量:523
商家id:840	商家出货量:405
商家id:841	商家出货量:114
商家id:842	商家出货量:87
商家id:843	商家出货量:40
商家id:844	商家出货量:124
商家id:845	商家出货量:346
商家id:846	商家出货量:64
商家id:847	商家出货量:139
商家id:848	商家出货量:418
商家id:849	商家出货量:111
商家id:85	商家出货量:96
商家id:850	商家出货量:18
商家id:851	商家出货量:57
商家id:852	商家出货量:145
商家id:853	商家出货量:28
商家id:854	商家出货量:372
商家id:855	商家出货量:108
商家id:856	商家出货量:75
商家id:857	商家出货量:16
商家id:858	商家出货量:121
商家id:859	商家出货量:652
商家id:86	商家出货量:323
商家id:860	商家出货量:169
商家id:861	商家出货量:451
商家id:862	商家出货量:1170
商家id:863	商家出货量:232
商家id:864	商家出货量:43
商家id:865	商家出货量:69
商家id:866	商家出货量:61
商家id:867	商家出货量:59
商家id:868	商家出货量:312
商家id:869	商家出货量:8
商家id:87	商家出货量:52
商家id:870	商家出货量:70
商家id:871	商家出货量:19
商家id:872	商家出货量:57
商家id:873	商家出货量:30
商家id:874	商家出货量:228
商家id:875	商家出货量:38
商家id:876	商家出货量:40
商家id:877	商家出货量:119
商家id:878	商家出货量:21
商家id:879	商家出货量:125
商家id:88	商家出货量:81
商家id:880	商家出货量:45
商家id:881	商家出货量:35
商家id:882	商家出货量:180
商家id:883	商家出货量:306
商家id:884	商家出货量:14
商家id:885	商家出货量:69
商家id:886	商家出货量:77
商家id:887	商家出货量:87
商家id:888	商家出货量:19
商家id:889	商家出货量:14
商家id:89	商家出货量:97
商家id:890	商家出货量:801
商家id:891	商家出货量:34
商家id:892	商家出货量:143
商家id:893	商家出货量:231
商家id:894	商家出货量:29
商家id:895	商家出货量:21
商家id:896	商家出货量:37
商家id:897	商家出货量:1165
商家id:898	商家出货量:166
商家id:899	商家出货量:104
商家id:9	商家出货量:67
商家id:90	商家出货量:39
商家id:900	商家出货量:269
商家id:901	商家出货量:45
商家id:902	商家出货量:71
商家id:903	商家出货量:67
商家id:904	商家出货量:63
商家id:905	商家出货量:81
商家id:906	商家出货量:166
商家id:907	商家出货量:62
商家id:908	商家出货量:86
商家id:909	商家出货量:370
商家id:91	商家出货量:30
商家id:910	商家出货量:15
商家id:911	商家出货量:108
商家id:912	商家出货量:80
商家id:913	商家出货量:142
商家id:914	商家出货量:127
商家id:915	商家出货量:602
商家id:916	商家出货量:31
商家id:917	商家出货量:107
商家id:918	商家出货量:19
商家id:919	商家出货量:49
商家id:92	商家出货量:150
商家id:920	商家出货量:33
商家id:921	商家出货量:25
商家id:922	商家出货量:89
商家id:923	商家出货量:83
商家id:924	商家出货量:477
商家id:925	商家出货量:213
商家id:926	商家出货量:154
商家id:927	商家出货量:179
商家id:928	商家出货量:63
商家id:929	商家出货量:6
商家id:93	商家出货量:71
商家id:930	商家出货量:58
商家id:931	商家出货量:145
商家id:932	商家出货量:80
商家id:933	商家出货量:28
商家id:934	商家出货量:322
商家id:935	商家出货量:79
商家id:936	商家出货量:63
商家id:937	商家出货量:228
商家id:938	商家出货量:88
商家id:939	商家出货量:195
商家id:94	商家出货量:120
商家id:940	商家出货量:56
商家id:941	商家出货量:506
商家id:942	商家出货量:19
商家id:943	商家出货量:51
商家id:944	商家出货量:579
商家id:945	商家出货量:18
商家id:946	商家出货量:1738
商家id:947	商家出货量:214
商家id:948	商家出货量:908
商家id:949	商家出货量:131
商家id:95	商家出货量:88
商家id:950	商家出货量:48
商家id:951	商家出货量:1059
商家id:952	商家出货量:44
商家id:953	商家出货量:51
商家id:954	商家出货量:104
商家id:955	商家出货量:20
商家id:956	商家出货量:46
商家id:957	商家出货量:76
商家id:958	商家出货量:116
商家id:959	商家出货量:36
商家id:96	商家出货量:224
商家id:960	商家出货量:376
商家id:961	商家出货量:25
商家id:962	商家出货量:2773
商家id:963	商家出货量:856
商家id:964	商家出货量:446
商家id:965	商家出货量:1713
商家id:966	商家出货量:762
商家id:967	商家出货量:108
商家id:968	商家出货量:315
商家id:969	商家出货量:26
商家id:97	商家出货量:60
商家id:970	商家出货量:48
商家id:971	商家出货量:92
商家id:972	商家出货量:90
商家id:973	商家出货量:186
商家id:974	商家出货量:171
商家id:975	商家出货量:20
商家id:976	商家出货量:174
商家id:977	商家出货量:303
商家id:978	商家出货量:156
商家id:979	商家出货量:67
商家id:98	商家出货量:707
商家id:980	商家出货量:33
商家id:981	商家出货量:113
商家id:982	商家出货量:58
商家id:983	商家出货量:552
商家id:984	商家出货量:71
商家id:985	商家出货量:59
商家id:986	商家出货量:56
商家id:987	商家出货量:30
商家id:988	商家出货量:36
商家id:989	商家出货量:157
商家id:99	商家出货量:24
商家id:990	商家出货量:124
商家id:991	商家出货量:512
商家id:992	商家出货量:26
商家id:993	商家出货量:132
商家id:994	商家出货量:131
商家id:995	商家出货量:91
商家id:996	商家出货量:114
商家id:997	商家出货量:27
商家id:998	商家出货量:88
商家id:999	商家出货量:11
