商家id:45,出货量:25
商家id:4574,出货量:16
商家id:4472,出货量:299
商家id:4901,出货量:28
商家id:698,出货量:388
商家id:2155,出货量:58
商家id:346,出货量:230
商家id:2015,出货量:34
商家id:1315,出货量:16
商家id:2850,出货量:25
商家id:483,出货量:653
商家id:1561,出货量:53
商家id:1498,出货量:35
商家id:4231,出货量:38
商家id:4737,出货量:38
商家id:1705,出货量:58
商家id:3034,出货量:152
商家id:56,出货量:381
商家id:1065,出货量:347
商家id:373,出货量:183
商家id:822,出货量:103
商家id:3773,出货量:192
商家id:199,出货量:1762
商家id:3664,出货量:27
商家id:2909,出货量:68
商家id:1922,出货量:182
商家id:4658,出货量:442
商家id:2540,出货量:79
商家id:793,出货量:374
商家id:4042,出货量:1227
商家id:4720,出货量:105
商家id:1252,出货量:29
商家id:1394,出货量:92
商家id:2605,出货量:27
商家id:448,出货量:41
商家id:3746,出货量:18
商家id:1130,出货量:56
商家id:382,出货量:106
商家id:1939,出货量:192
商家id:1437,出货量:257
商家id:2271,出货量:88
商家id:1328,出货量:53
商家id:1841,出货量:199
商家id:2575,出货量:487
商家id:788,出货量:22
商家id:4059,出货量:48
商家id:3093,出货量:56
商家id:2673,出货量:52
商家id:4953,出货量:155
商家id:3619,出货量:422
商家id:453,出货量:39
商家id:2800,出货量:74
商家id:1428,出货量:114
商家id:4531,出货量:75
商家id:3084,出货量:18
商家id:2686,出货量:31
商家id:1037,出货量:98
商家id:3878,出货量:460
商家id:2584,出货量:151
商家id:757,出货量:24
商家id:4276,出货量:298
商家id:2422,出货量:246
商家id:169,出货量:62
商家id:2957,出货量:101
商家id:3280,出货量:50
商家id:1992,出货量:41
商家id:4688,出货量:1105
商家id:3967,出货量:55
商家id:2518,出货量:150
商家id:723,出货量:38
商家id:1742,出货量:2113
商家id:30,出货量:33
商家id:2912,出货量:611
商家id:558,出货量:221
商家id:4363,出货量:143
商家id:3863,出货量:106
商家id:4426,出货量:161
商家id:4243,出货量:275
商家id:4765,出货量:847
商家id:3064,出货量:393
商家id:3736,出货量:98
商家id:3232,出货量:58
商家id:1967,出货量:1091
商家id:870,出货量:70
商家id:1445,出货量:99
商家id:4594,出货量:471
商家id:3978,出货量:61
商家id:2503,出货量:228
商家id:1699,出货量:924
商家id:4790,出货量:59
商家id:3051,出货量:75
商家id:3545,出货量:989
商家id:1286,出货量:210
商家id:3225,出货量:341
商家id:2002,出货量:192
商家id:1478,出货量:27
商家id:4583,出货量:99
商家id:1960,出货量:63
商家id:4575,出货量:35
商家id:4475,出货量:301
商家id:4028,出货量:101
商家id:3122,出货量:82
商家id:4900,出货量:291
商家id:699,出货量:20
商家id:28,出货量:886
商家id:2156,出货量:170
商家id:347,出货量:892
商家id:810,出货量:71
商家id:2014,出货量:573
商家id:3489,出货量:86
商家id:2913,出货量:445
商家id:1137,出货量:180
商家id:2853,出货量:20
商家id:1499,出货量:413
商家id:4230,出货量:68
商家id:1706,出货量:18
商家id:4734,出货量:33
商家id:3035,出货量:32
商家id:51,出货量:64
商家id:1064,出货量:114
商家id:1388,出货量:40
商家id:37,出货量:51
商家id:372,出货量:152
商家id:3772,出货量:26
商家id:198,出货量:196
商家id:4893,出货量:48
商家id:1329,出货量:197
商家id:2769,出货量:100
商家id:1923,出货量:1327
商家id:4282,出货量:4305
商家id:2547,出货量:586
商家id:792,出货量:123
商家id:4043,出货量:4219
商家id:4723,出货量:20
商家id:1253,出货量:701
商家id:1393,出货量:6709
商家id:2606,出货量:418
商家id:3747,出货量:23
商家id:1238,出货量:108
商家id:3261,出货量:97
商家id:383,出货量:27
商家id:1938,出货量:17
商家id:1434,出货量:87
商家id:2270,出货量:34
商家id:4295,出货量:24
商家id:1840,出货量:1947
商家id:2572,出货量:15
商家id:4427,出货量:1978
商家id:4058,出货量:30
商家id:3090,出货量:123
商家id:2672,出货量:38
商家id:1009,出货量:109
商家id:4950,出货量:1888
商家id:454,出货量:18
商家id:3294,出货量:82
商家id:2801,出货量:35
商家id:2051,出货量:1045
商家id:4532,出货量:111
商家id:4791,出货量:203
商家id:3087,出货量:246
商家id:2687,出货量:31
商家id:1034,出货量:15
商家id:3879,出货量:24
商家id:2908,出货量:83
商家id:2583,出货量:287
商家id:756,出货量:307
商家id:4275,出货量:27
商家id:2423,出货量:56
商家id:3546,出货量:93
商家id:3070,出货量:134
商家id:3667,出货量:163
商家id:2950,出货量:96
商家id:1995,出货量:38
商家id:4689,出货量:11
商家id:3964,出货量:63
商家id:2519,出货量:45
商家id:720,出货量:69
商家id:1743,出货量:178
商家id:4888,出货量:700
商家id:4362,出货量:68
商家id:3862,出货量:247
商家id:4240,出货量:267
商家id:789,出货量:72
商家id:1314,出货量:24
商家id:4764,出货量:151
商家id:3735,出货量:70
商家id:3233,出货量:392
商家id:42,出货量:113
商家id:871,出货量:19
商家id:1444,出货量:111
商家id:4595,出货量:86
商家id:1562,出货量:188
商家id:2502,出货量:51
商家id:482,出货量:19
商家id:3429,出货量:15
商家id:1281,出货量:199
商家id:3224,出货量:250
商家id:2003,出货量:122
商家id:1479,出货量:23
商家id:4582,出货量:187
商家id:1961,出货量:145
商家id:4576,出货量:22
商家id:4224,出货量:70
商家id:4474,出货量:356
商家id:4029,出货量:25
商家id:3799,出货量:36
商家id:1078,出货量:24
商家id:3123,出货量:69
商家id:4903,出货量:133
商家id:29,出货量:67
商家id:2157,出货量:92
商家id:340,出货量:172
商家id:811,出货量:103
商家id:2017,出货量:20
商家id:4889,出货量:27
商家id:2914,出货量:138
商家id:2852,出货量:46
商家id:269,出货量:52
商家id:4138,出货量:75
商家id:4735,出货量:139
商家id:3036,出货量:23
商家id:1707,出货量:74
商家id:50,出货量:72
商家id:1067,出货量:640
商家id:1389,出货量:159
商家id:375,出货量:3067
商家id:3771,出货量:55
商家id:4892,出货量:29
商家id:2768,出货量:556
商家id:1924,出货量:14
商家id:4283,出货量:82
商家id:2546,出货量:68
商家id:791,出货量:558
商家id:4123,出货量:37
商家id:2789,出货量:109
商家id:4722,出货量:50
商家id:1250,出货量:496
商家id:1392,出货量:77
商家id:2607,出货量:57
商家id:3744,出货量:70
商家id:1239,出货量:115
商家id:1136,出货量:76
商家id:3260,出货量:41
商家id:384,出货量:65
商家id:1435,出货量:306
商家id:2273,出货量:3485
商家id:4294,出货量:94
商家id:1847,出货量:99
商家id:36,出货量:20
商家id:4424,出货量:72
商家id:3091,出货量:122
商家id:2675,出货量:118
商家id:438,出货量:69
商家id:1008,出货量:73
商家id:4951,出货量:763
商家id:2459,出货量:1364
商家id:455,出货量:26
商家id:3295,出货量:860
商家id:2806,出货量:39
商家id:854,出货量:372
商家id:2050,出货量:370
商家id:4533,出货量:450
商家id:4792,出货量:1223
商家id:988,出货量:36
商家id:3086,出货量:72
商家id:2680,出货量:156
商家id:1035,出货量:76
商家id:2582,出货量:675
商家id:755,出货量:89
商家id:4274,出货量:335
商家id:2424,出货量:617
商家id:3071,出货量:59
商家id:3547,出货量:185
商家id:3171,出货量:134
商家id:4241,出货量:36
商家id:2951,出货量:95
商家id:1994,出货量:27
商家id:861,出货量:451
商家id:3965,出货量:1280
商家id:3666,出货量:171
商家id:721,出货量:234
商家id:3488,出货量:28
商家id:3861,出货量:1031
商家id:2573,出货量:210
商家id:4767,出货量:24
商家id:1313,出货量:11
商家id:3734,出货量:5644
商家id:3230,出货量:868
商家id:43,出货量:56
商家id:1443,出货量:112
商家id:1563,出货量:123
商家id:2501,出货量:91
商家id:890,出货量:801
商家id:481,出货量:198
商家id:3428,出货量:127
商家id:1280,出货量:94
商家id:3227,出货量:166
商家id:4419,出货量:75
商家id:2000,出货量:130
商家id:4418,出货量:24
商家id:40,出货量:260
商家id:4577,出货量:329
商家id:4225,出货量:96
商家id:4477,出货量:74
商家id:4707,出货量:222
商家id:3798,出货量:12
商家id:1079,出货量:127
商家id:3120,出货量:37
商家id:4902,出货量:17
商家id:2150,出货量:68
商家id:341,出货量:124
商家id:812,出货量:315
商家id:2016,出货量:108
商家id:678,出货量:74
商家id:2915,出货量:923
商家id:2855,出货量:46
商家id:268,出货量:121
商家id:4139,出货量:74
商家id:1708,出货量:1202
商家id:3037,出货量:32
商家id:53,出货量:156
商家id:1066,出货量:66
商家id:374,出货量:78
商家id:3770,出货量:75
商家id:4891,出货量:135
商家id:1925,出货量:38
商家id:2600,出货量:42
商家id:4280,出货量:809
商家id:2545,出货量:1994
商家id:790,出货量:279
商家id:4122,出货量:60
商家id:2788,出货量:39
商家id:919,出货量:49
商家id:1251,出货量:42
商家id:3962,出货量:77
商家id:1391,出货量:11
商家id:1775,出货量:39
商家id:3661,出货量:101
商家id:3745,出货量:31
商家id:1135,出货量:37
商家id:3263,出货量:349
商家id:385,出货量:39
商家id:1432,出货量:88
商家id:2272,出货量:55
商家id:4297,出货量:34
商家id:1846,出货量:66
商家id:2570,出货量:544
商家id:4425,出货量:103
商家id:3096,出货量:987
商家id:2674,出货量:125
商家id:439,出货量:62
商家id:1007,出货量:51
商家id:4956,出货量:66
商家id:4260,出货量:125
商家id:2458,出货量:47
商家id:456,出货量:303
商家id:989,出货量:157
商家id:3296,出货量:105
商家id:2807,出货量:51
商家id:855,出货量:108
商家id:2053,出货量:84
商家id:731,出货量:368
商家id:4793,出货量:640
商家id:3081,出货量:21
商家id:2681,出货量:122
商家id:568,出货量:19
商家id:2581,出货量:14
商家id:754,出货量:31
商家id:2425,出货量:221
商家id:3072,出货量:79
商家id:3728,出货量:156
商家id:164,出货量:24
商家id:3170,出货量:541
商家id:2952,出货量:244
商家id:1997,出货量:156
商家id:860,出货量:169
商家id:1519,出货量:48
商家id:2758,出货量:60
商家id:555,出货量:243
商家id:3860,出货量:54
商家id:35,出货量:478
商家id:4766,出货量:3533
商家id:3069,出货量:39
商家id:3733,出货量:48
商家id:1312,出货量:35
商家id:3231,出货量:136
商家id:1962,出货量:39
商家id:1442,出货量:85
商家id:1564,出货量:51
商家id:2500,出货量:151
商家id:891,出货量:34
商家id:4468,出货量:286
商家id:480,出货量:43
商家id:3540,出货量:36
商家id:1283,出货量:478
商家id:3226,出货量:311
商家id:809,出货量:104
商家id:2001,出货量:62
商家id:4578,出货量:76
商家id:4226,出货量:16
商家id:1963,出货量:1380
商家id:4476,出货量:148
商家id:1774,出货量:192
商家id:1076,出货量:229
商家id:3121,出货量:521
商家id:4905,出货量:53
商家id:2151,出货量:210
商家id:342,出货量:326
商家id:813,出货量:21
商家id:2011,出货量:180
商家id:679,出货量:31
商家id:2916,出货量:391
商家id:2854,出货量:67
商家id:1709,出货量:96
商家id:3030,出货量:40
商家id:52,出货量:55
商家id:377,出货量:39
商家id:1087,出货量:2580
商家id:3777,出货量:34
商家id:195,出货量:150
商家id:4890,出货量:39
商家id:1926,出货量:67
商家id:3660,出货量:17
商家id:2309,出货量:90
商家id:4281,出货量:266
商家id:2544,出货量:32
商家id:4417,出货量:99
商家id:4121,出货量:89
商家id:429,出货量:265
商家id:918,出货量:19
商家id:1390,出货量:87
商家id:2601,出货量:45
商家id:4706,出货量:61
商家id:3742,出货量:113
商家id:1134,出货量:580
商家id:3262,出货量:24
商家id:2839,出货量:96
商家id:34,出货量:290
商家id:1433,出货量:52
商家id:4296,出货量:76
商家id:1845,出货量:123
商家id:2571,出货量:162
商家id:3097,出货量:22
商家id:2677,出货量:3585
商家id:436,出货量:139
商家id:1006,出货量:95
商家id:4957,出货量:93
商家id:4261,出货量:275
商家id:386,出货量:170
商家id:4181,出货量:79
商家id:457,出货量:124
商家id:3297,出货量:37
商家id:2804,出货量:168
商家id:856,出货量:75
商家id:2052,出货量:197
商家id:730,出货量:222
商家id:3080,出货量:932
商家id:2682,出货量:62
商家id:4,出货量:6
商家id:569,出货量:31
商家id:2580,出货量:672
商家id:3867,出货量:77
商家id:2426,出货量:118
商家id:4776,出货量:741
商家id:3073,出货量:564
商家id:3729,出货量:2497
商家id:165,出货量:325
商家id:3173,出货量:2031
商家id:2953,出货量:225
商家id:1996,出货量:269
商家id:863,出货量:232
商家id:3963,出货量:258
商家id:2514,出货量:38
商家id:2759,出货量:79
商家id:554,出货量:87
商家id:3908,出货量:73
商家id:4769,出货量:31
商家id:3068,出货量:35
商家id:3732,出货量:67
商家id:3236,出货量:760
商家id:1311,出货量:100
商家id:1518,出货量:15
商家id:41,出货量:123
商家id:1441,出货量:21
商家id:4598,出货量:88
商家id:1565,出货量:344
商家id:892,出货量:143
商家id:4505,出货量:140
商家id:4469,出货量:194
商家id:3359,出货量:16
商家id:1043,出货量:1622
商家id:3541,出货量:410
商家id:1282,出货量:39
商家id:3221,出货量:9
商家id:808,出货量:58
商家id:2006,出货量:93
商家id:2848,出货量:78
商家id:4579,出货量:55
商家id:4227,出货量:28
商家id:1777,出货量:45
商家id:1077,出货量:213
商家id:3126,出货量:283
商家id:4904,出货量:22
商家id:3559,出货量:39
商家id:1371,出货量:55
商家id:2152,出货量:67
商家id:343,出货量:126
商家id:814,出货量:33
商家id:2010,出货量:69
商家id:1310,出货量:1505
商家id:2857,出货量:255
商家id:2550,出货量:123
商家id:4738,出货量:111
商家id:3031,出货量:127
商家id:1384,出货量:102
商家id:2149,出货量:670
商家id:376,出货量:69
商家id:1086,出货量:12
商家id:3776,出货量:85
商家id:1120,出货量:11
商家id:194,出货量:30
商家id:4897,出货量:70
商家id:1927,出货量:52
商家id:2308,出货量:58
商家id:4286,出货量:43
商家id:2602,出货量:116
商家id:4416,出货量:182
商家id:4120,出货量:84
商家id:3388,出货量:114
商家id:428,出货量:166
商家id:4969,出货量:43
商家id:3663,出货量:3118
商家id:443,出货量:152
商家id:3743,出货量:212
商家id:3265,出货量:92
商家id:2838,出货量:578
商家id:1430,出货量:18
商家id:4291,出货量:110
商家id:1844,出货量:253
商家id:3094,出货量:257
商家id:2676,出货量:4290
商家id:437,出货量:1907
商家id:1005,出货量:35
商家id:4954,出货量:159
商家id:2594,出货量:463
商家id:4262,出货量:51
商家id:4180,出货量:54
商家id:387,出货量:115
商家id:2619,出货量:96
商家id:3290,出货量:71
商家id:2805,出货量:60
商家id:1986,出货量:876
商家id:857,出货量:16
商家id:2055,出货量:177
商家id:733,出货量:51
商家id:3083,出货量:29
商家id:2683,出货量:98
商家id:4279,出货量:52
商家id:3866,出货量:70
商家id:4777,出货量:26
商家id:3074,出货量:71
商家id:166,出货量:152
商家id:3172,出货量:76
商家id:1999,出货量:875
商家id:862,出货量:1170
商家id:2358,出货量:242
商家id:3960,出货量:20
商家id:2515,出货量:60
商家id:557,出货量:334
商家id:3909,出货量:31
商家id:4453,出货量:155
商家id:4768,出货量:457
商家id:3731,出货量:23
商家id:1199,出货量:126
商家id:3237,出货量:37
商家id:2917,出货量:169
商家id:1440,出货量:46
商家id:4599,出货量:112
商家id:1566,出货量:562
商家id:893,出货量:231
商家id:4504,出货量:889
商家id:1889,出货量:14
商家id:4466,出货量:87
商家id:2427,出货量:82
商家id:3358,出货量:31
商家id:1042,出货量:66
商家id:3542,出货量:18
商家id:3220,出货量:73
商家id:4705,出货量:1060
商家id:2007,出货量:63
商家id:1304,出货量:1034
商家id:2965,出货量:130
商家id:2849,出货量:360
商家id:4048,出货量:2733
商家id:4220,出货量:272
商家id:1776,出货量:33
商家id:3795,出货量:119
商家id:1074,出货量:215
商家id:3127,出货量:156
商家id:4907,出货量:36
商家id:3558,出货量:128
商家id:1370,出货量:865
商家id:2153,出货量:35
商家id:815,出货量:40
商家id:2013,出货量:25
商家id:2918,出货量:65
商家id:2856,出货量:1041
商家id:1955,出货量:102
商家id:2551,出货量:185
商家id:2491,出货量:181
商家id:4739,出货量:231
商家id:3032,出货量:28
商家id:1385,出货量:29
商家id:2148,出货量:132
商家id:1085,出货量:73
商家id:3775,出货量:49
商家id:1121,出货量:39
商家id:197,出货量:28
商家id:4896,出货量:82
商家id:393,出货量:24
商家id:1928,出货量:23
商家id:4287,出货量:2133
商家id:1850,出货量:385
商家id:4415,出货量:43
商家id:3662,出货量:100
商家id:4127,出货量:1976
商家id:3389,出货量:48
商家id:2666,出货量:40
商家id:4968,出货量:144
商家id:2442,出货量:64
商家id:2603,出货量:95
商家id:442,出货量:89
商家id:3740,出货量:126
商家id:4704,出货量:20
商家id:3264,出货量:68
商家id:388,出货量:65
商家id:1431,出货量:47
商家id:4290,出货量:17
商家id:3095,出货量:138
商家id:2679,出货量:35
商家id:434,出货量:142
商家id:1004,出货量:56
商家id:4955,出货量:869
商家id:2595,出货量:35
商家id:4263,出货量:79
商家id:2455,出货量:165
商家id:4183,出货量:120
商家id:2618,出货量:174
商家id:2837,出货量:18
商家id:3291,出货量:520
商家id:1987,出货量:113
商家id:850,出货量:18
商家id:2054,出货量:160
商家id:732,出货量:60
商家id:3082,出货量:82
商家id:759,出货量:344
商家id:4278,出货量:169
商家id:4774,出货量:32
商家id:3075,出货量:209
商家id:167,出货量:373
商家id:3175,出货量:51
商家id:3528,出货量:357
商家id:4918,出货量:4854
商家id:1998,出货量:816
商家id:865,出货量:69
商家id:1454,出货量:722
商家id:2359,出货量:103
商家id:3961,出货量:77
商家id:2516,出货量:66
商家id:556,出货量:628
商家id:4369,出货量:105
商家id:3865,出货量:364
商家id:4452,出货量:18
商家id:3730,出货量:47
商家id:1198,出货量:31
商家id:3234,出货量:247
商家id:2138,出货量:3761
商家id:1567,出货量:140
商家id:894,出货量:29
商家id:4507,出货量:14
商家id:1888,出货量:81
商家id:4467,出货量:1488
商家id:3782,出货量:34
商家id:1041,出货量:60
商家id:948,出货量:908
商家id:3543,出货量:57
商家id:3223,出货量:64
商家id:357,出货量:141
商家id:2004,出货量:25
商家id:1305,出货量:228
商家id:2964,出货量:85
商家id:2846,出货量:367
商家id:4703,出货量:239
商家id:2299,出货量:178
商家id:4049,出货量:1502
商家id:4221,出货量:245
商家id:1771,出货量:77
商家id:3794,出货量:88
商家id:1075,出货量:173
商家id:3124,出货量:76
商家id:4906,出货量:103
商家id:1373,出货量:55
商家id:816,出货量:325
商家id:2012,出货量:37
商家id:674,出货量:287
商家id:2919,出货量:67
商家id:1954,出货量:19
商家id:2552,出货量:63
商家id:2490,出货量:66
商家id:3033,出货量:300
商家id:928,出货量:63
商家id:1386,出货量:16
商家id:2778,出货量:134
商家id:1084,出货量:174
商家id:3774,出货量:9
商家id:1122,出货量:209
商家id:196,出货量:145
商家id:4895,出货量:146
商家id:392,出货量:36
商家id:1929,出货量:47
商家id:4284,出货量:30
商家id:1851,出货量:357
商家id:2549,出货量:34
商家id:4414,出货量:81
商家id:4126,出货量:674
商家id:2667,出货量:155
商家id:1018,出货量:137
商家id:915,出货量:602
商家id:2443,出货量:108
商家id:2763,出货量:142
商家id:441,出货量:75
商家id:3741,出货量:666
商家id:3267,出货量:48
商家id:389,出货量:25
商家id:4293,出货量:252
商家id:2678,出货量:26
商家id:435,出货量:133
商家id:1003,出货量:80
商家id:2596,出货量:110
商家id:4264,出货量:31
商家id:2454,出货量:486
商家id:4182,出货量:135
商家id:2836,出货量:143
商家id:3292,出货量:34
商家id:1984,出货量:183
商家id:851,出货量:57
商家id:2057,出货量:12
商家id:1502,出货量:643
商家id:735,出货量:62
商家id:758,出货量:154
商家id:4775,出货量:644
商家id:3076,出货量:18
商家id:3724,出货量:212
商家id:160,出货量:51
商家id:3174,出货量:17
商家id:3529,出货量:250
商家id:4919,出货量:844
商家id:864,出货量:43
商家id:1455,出货量:17
商家id:1515,出货量:186
商家id:2517,出货量:25
商家id:551,出货量:206
商家id:4368,出货量:1552
商家id:3864,出货量:27
商家id:4451,出货量:109
商家id:3438,出货量:16
商家id:3235,出货量:456
商家id:2139,出货量:40
商家id:2873,出货量:184
商家id:895,出货量:21
商家id:4506,出货量:253
商家id:1887,出货量:283
商家id:4464,出货量:87
商家id:3783,出货量:192
商家id:1040,出货量:134
商家id:3119,出货量:55
商家id:949,出货量:131
商家id:3423,出货量:50
商家id:3222,出货量:20
商家id:356,出货量:72
商家id:2005,出货量:38
商家id:1269,出货量:181
商家id:2847,出货量:44
商家id:1306,出货量:20
商家id:2597,出货量:200
商家id:4222,出货量:13
商家id:1770,出货量:220
商家id:3797,出货量:286
商家id:1072,出货量:50
商家id:3125,出货量:203
商家id:1372,出货量:59
商家id:817,出货量:212
商家id:3760,出货量:9255
商家id:675,出货量:78
商家id:1957,出货量:107
商家id:4966,出货量:2263
商家id:1551,出货量:65
商家id:2553,出货量:64
商家id:4408,出货量:184
商家id:2493,出货量:16
商家id:929,出货量:6
商家id:1387,出货量:306
商家id:2779,出货量:24
商家id:1083,出货量:24
商家id:982,出货量:58
商家id:1123,出货量:305
商家id:191,出货量:1121
商家id:4894,出货量:274
商家id:391,出货量:39
商家id:4285,出货量:31
商家id:1852,出货量:115
商家id:2548,出货量:56
商家id:4413,出货量:139
商家id:4125,出货量:131
商家id:2664,出货量:3684
商家id:1019,出货量:272
商家id:914,出货量:127
商家id:2440,出货量:127
商家id:2762,出货量:87
商家id:440,出货量:37
商家id:3266,出货量:447
商家id:2835,出货量:236
商家id:4702,出货量:59
商家id:2279,出货量:323
商家id:4292,出货量:52
商家id:432,出货量:52
商家id:1002,出货量:114
商家id:2298,出货量:72
商家id:4265,出货量:917
商家id:2457,出货量:139
商家id:4185,出货量:116
商家id:3168,出货量:192
商家id:3293,出货量:23
商家id:1985,出货量:18
商家id:852,出货量:145
商家id:2056,出货量:27
商家id:1503,出货量:298
商家id:734,出货量:45
商家id:3870,出货量:79
商家id:4772,出货量:77
商家id:3077,出货量:19
商家id:3725,出货量:222
商家id:161,出货量:175
商家id:3177,出货量:42
商家id:3207,出货量:89
商家id:867,出货量:59
商家id:4916,出货量:56
商家id:1456,出货量:17
商家id:1514,出货量:630
商家id:2510,出货量:720
商家id:995,出货量:91
商家id:959,出货量:36
商家id:550,出货量:21
商家id:4450,出货量:335
商家id:4923,出货量:125
商家id:3439,出货量:63
商家id:355,出货量:68
商家id:2037,出货量:73
商家id:2872,出货量:765
商家id:896,出货量:37
商家id:4501,出货量:326
商家id:1886,出货量:50
商家id:4465,出货量:571
商家id:3780,出货量:202
商家id:1047,出货量:130
商家id:3118,出货量:14
商家id:946,出货量:1738
商家id:3422,出货量:306
商家id:2967,出货量:32
商家id:1268,出货量:184
商家id:2844,出货量:339
商家id:2966,出货量:32
商家id:1307,出货量:64
商家id:4223,出货量:143
商家id:4701,出货量:50
商家id:3796,出货量:106
商家id:1073,出货量:119
商家id:1375,出货量:69
商家id:994,出货量:131
商家id:1159,出货量:117
商家id:3481,出货量:127
商家id:676,出货量:86
商家id:1956,出货量:82
商家id:4965,出货量:94
商家id:1550,出货量:123
商家id:2554,出货量:25
商家id:4409,出货量:15
商家id:2492,出货量:52
商家id:1380,出货量:40
商家id:1082,出货量:41
商家id:983,出货量:552
商家id:1124,出货量:83
商家id:190,出货量:226
商家id:3276,出货量:92
商家id:390,出货量:360
商家id:1853,出货量:55
商家id:4412,出货量:31
商家id:4124,出货量:56
商家id:2665,出货量:107
商家id:917,出货量:107
商家id:2441,出货量:178
商家id:2761,出货量:78
商家id:447,出货量:62
商家id:3269,出货量:117
商家id:2834,出货量:140
商家id:2046,出货量:41
商家id:1773,出货量:30
商家id:2278,出货量:1283
商家id:3098,出货量:414
商家id:433,出货量:154
商家id:1001,出货量:44
商家id:2590,出货量:150
商家id:4266,出货量:35
商家id:2456,出货量:154
商家id:4184,出货量:69
商家id:3005,出货量:207
商家id:179,出货量:101
商家id:3169,出货量:27
商家id:1982,出货量:15
商家id:853,出货量:28
商家id:2059,出货量:19
商家id:3898,出货量:1051
商家id:1500,出货量:1296
商家id:737,出货量:31
商家id:3871,出货量:47
商家id:4773,出货量:283
商家id:3078,出货量:1678
商家id:3726,出货量:50
商家id:162,出货量:15
商家id:3176,出货量:180
商家id:4839,出货量:25
商家id:3206,出货量:141
商家id:2899,出货量:62
商家id:866,出货量:61
商家id:1457,出货量:146
商家id:4917,出货量:77
商家id:1517,出货量:34
商家id:2511,出货量:699
商家id:728,出货量:103
商家id:3761,出货量:70
商家id:553,出货量:67
商家id:4457,出货量:33
商家id:4880,出货量:248
商家id:4922,出货量:59
商家id:2036,出货量:791
商家id:2871,出货量:102
商家id:958,出货量:116
商家id:4500,出货量:341
商家id:1885,出货量:269
商家id:4462,出货量:46
商家id:3781,出货量:73
商家id:1046,出货量:43
商家id:3117,出货量:167
商家id:947,出货量:214
商家id:3421,出货量:74
商家id:1289,出货量:3
商家id:354,出货量:229
商家id:803,出货量:280
商家id:897,出货量:1165
商家id:1300,出货量:48
商家id:2845,出货量:127
商家id:2095,出货量:343
商家id:799,出货量:105
商家id:2961,出货量:161
商家id:1772,出货量:36
商家id:3791,出货量:124
商家id:1070,出货量:25
商家id:4868,出货量:53
商家id:1374,出货量:62
商家id:348,出货量:61
商家id:997,出货量:27
商家id:1158,出货量:29
商家id:3480,出货量:88
商家id:677,出货量:39
商家id:1951,出货量:61
商家id:1553,出货量:23
商家id:916,出货量:31
商家id:1829,出货量:38
商家id:2555,出货量:160
商家id:4130,出货量:53
商家id:2495,出货量:6
商家id:1381,出货量:57
商家id:1081,出货量:81
商家id:980,出货量:33
商家id:1125,出货量:157
商家id:193,出货量:27
商家id:3277,出货量:122
商家id:397,出货量:326
商家id:1854,出货量:362
商家id:4411,出货量:27
商家id:2662,出货量:130
商家id:4964,出货量:181
商家id:1258,出货量:21
商家id:2446,出货量:32
商家id:4198,出货量:531
商家id:2760,出货量:74
商家id:446,出货量:21
商家id:3153,出货量:40
商家id:3268,出货量:59
商家id:2833,出货量:81
商家id:847,出货量:139
商家id:2047,出货量:986
商家id:4700,出货量:64
商家id:3099,出货量:152
商家id:430,出货量:40
商家id:1000,出货量:526
商家id:2591,出货量:511
商家id:4267,出货量:1075
商家id:2451,出货量:210
商家id:4187,出货量:498
商家id:3004,出货量:228
商家id:178,出货量:184
商家id:3166,出货量:90
商家id:1983,出货量:104
商家id:2058,出货量:23
商家id:1501,出货量:1631
商家id:736,出货量:74
商家id:3779,出货量:124
商家id:3872,出货量:81
商家id:4770,出货量:80
商家id:3079,出货量:10
商家id:3727,出货量:707
商家id:163,出货量:10
商家id:4838,出货量:133
商家id:3205,出货量:3635
商家id:2898,出货量:261
商家id:1450,出货量:44
商家id:2828,出货量:393
商家id:1516,出货量:76
商家id:4914,出货量:95
商家id:2512,出货量:266
商家id:729,出货量:398
商家id:883,出货量:306
商家id:3762,出货量:69
商家id:552,出货量:127
商家id:4456,出货量:61
商家id:4921,出货量:98
商家id:3238,出货量:36
商家id:2035,出货量:77
商家id:4881,出货量:378
商家id:2870,出货量:57
商家id:898,出货量:166
商家id:3899,出货量:26
商家id:4503,出货量:85
商家id:1884,出货量:1545
商家id:4463,出货量:264
商家id:3786,出货量:153
商家id:1045,出货量:33
商家id:3116,出货量:61
商家id:944,出货量:579
商家id:3420,出货量:942
商家id:1288,出货量:82
商家id:353,出货量:31
商家id:802,出货量:84
商家id:2008,出货量:348
商家id:1301,出货量:101
商家id:2842,出货量:31
商家id:2094,出货量:59
商家id:798,出货量:5161
商家id:2960,出货量:168
商家id:3790,出货量:435
商家id:1071,出货量:91
商家id:4869,出货量:1016
商家id:1377,出货量:135
商家id:2158,出货量:332
商家id:349,出货量:27
商家id:3763,出货量:259
商家id:4882,出货量:121
商家id:670,出货量:46
商家id:1950,出货量:54
商家id:1552,出货量:108
商家id:1828,出货量:51
商家id:2556,出货量:197
商家id:4131,出货量:530
商家id:2494,出货量:62
商家id:4978,出货量:132
商家id:1382,出货量:106
商家id:911,出货量:108
商家id:1080,出货量:31
商家id:3778,出货量:29
商家id:1126,出货量:563
商家id:192,出货量:765
商家id:3274,出货量:170
商家id:396,出货量:407
商家id:4288,出货量:61
商家id:1855,出货量:37
商家id:4410,出货量:939
商家id:2663,出货量:83
商家id:1014,出货量:70
商家id:4963,出货量:958
商家id:1259,出货量:56
商家id:4215,出货量:15
商家id:3959,出货量:283
商家id:2447,出货量:1210
商家id:4199,出货量:108
商家id:2767,出货量:495
商家id:3669,出货量:516
商家id:445,出货量:72
商家id:3152,出货量:1940
商家id:2832,出货量:63
商家id:846,出货量:64
商家id:2044,出货量:25
商家id:2513,出货量:103
商家id:431,出货量:43
商家id:2592,出货量:1463
商家id:4268,出货量:192
商家id:2450,出货量:461
商家id:4186,出货量:396
商家id:3007,出货量:56
商家id:177,出货量:16
商家id:3167,出货量:54
商家id:1980,出货量:24
商家id:1506,出货量:164
商家id:739,出货量:27
商家id:4714,出货量:91
商家id:981,出货量:113
商家id:560,出货量:21
商家id:3873,出货量:113
商家id:2589,出货量:53
商家id:4771,出货量:463
商家id:3720,出货量:56
商家id:3204,出货量:65
商家id:2608,出货量:790
商家id:1451,出货量:195
商家id:2352,出货量:49
商家id:1511,出货量:122
商家id:2829,出货量:704
商家id:882,出货量:180
商家id:945,出货量:18
商家id:3548,出货量:22
商家id:996,出货量:114
商家id:1898,出货量:19
商家id:4455,出货量:250
商家id:4920,出货量:166
商家id:3239,出货量:123
商家id:2034,出货量:210
商家id:3483,出货量:46
商家id:2877,出货量:140
商家id:899,出货量:104
商家id:4502,出货量:130
商家id:1883,出货量:52
商家id:4460,出货量:69
商家id:1609,出货量:66
商家id:3787,出货量:24
商家id:1044,出货量:78
商家id:3115,出货量:65
商家id:4915,出货量:37
商家id:3427,出货量:22
商家id:352,出货量:54
商家id:801,出货量:1041
商家id:2009,出货量:28
商家id:1302,出货量:469
商家id:2843,出货量:104
商家id:2097,出货量:57
商家id:2963,出货量:1111
商家id:2488,出货量:34
商家id:3793,出货量:124
商家id:1376,出货量:130
商家id:2159,出货量:93
商家id:1094,出货量:97
商家id:3764,出货量:32
商家id:3482,出货量:128
商家id:671,出货量:112
商家id:1319,出货量:23
商家id:1953,出货量:766
商家id:1555,出货量:175
商家id:2557,出货量:67
商家id:4404,出货量:1164
商家id:4132,出货量:41
商家id:2497,出货量:73
商家id:4962,出货量:47
商家id:414,出货量:335
商家id:4979,出货量:101
商家id:1383,出货量:122
商家id:986,出货量:56
商家id:1127,出货量:650
商家id:2766,出货量:208
商家id:3275,出货量:138
商家id:395,出货量:95
商家id:3668,出货量:94
商家id:2301,出货量:32
商家id:4289,出货量:580
商家id:1856,出货量:14
商家id:1658,出货量:90
商家id:2660,出货量:51
商家id:421,出货量:53
商家id:1015,出货量:101
商家id:910,出货量:15
商家id:4214,出货量:44
商家id:3958,出货量:487
商家id:2444,出货量:118
商家id:4196,出货量:329
商家id:2609,出货量:64
商家id:444,出货量:384
商家id:3151,出货量:16
商家id:2831,出货量:35
商家id:845,出货量:346
商家id:2045,出货量:69
商家id:3809,出货量:159
商家id:2593,出货量:154
商家id:4269,出货量:132
商家id:2453,出货量:100
商家id:3006,出货量:170
商家id:176,出货量:66
商家id:3164,出货量:25
商家id:1981,出货量:45
商家id:1507,出货量:317
商家id:738,出货量:440
商家id:1608,出货量:149
商家id:561,出货量:72
商家id:3874,出货量:122
商家id:2588,出货量:645
商家id:3721,出货量:297
商家id:3203,出货量:32
商家id:1452,出货量:55
商家id:2353,出货量:147
商家id:1510,出货量:41
商家id:881,出货量:35
商家id:942,出货量:19
商家id:3549,出货量:45
商家id:4619,出货量:56
商家id:1899,出货量:345
商家id:4454,出货量:53
商家id:991,出货量:512
商家id:1050,出货量:421
商家id:4927,出货量:54
商家id:2033,出货量:12
商家id:1449,出货量:40
商家id:4883,出货量:344
商家id:2876,出货量:418
商家id:1882,出货量:83
商家id:4461,出货量:28
商家id:4715,出货量:29
商家id:3784,出货量:130
商家id:3114,出货量:131
商家id:4912,出货量:20
商家id:3426,出货量:106
商家id:351,出货量:84
商家id:800,出货量:101
商家id:1142,出货量:266
商家id:669,出货量:196
商家id:2962,出货量:25
商家id:2840,出货量:61
商家id:2096,出货量:188
商家id:2525,出货量:85
商家id:2489,出货量:69
商家id:1303,出货量:28
商家id:3792,出货量:128
商家id:1379,出货量:470
商家id:8,出货量:87
商家id:1095,出货量:66
商家id:3765,出货量:79
商家id:1155,出货量:109
商家id:4884,出货量:61
商家id:672,出货量:25
商家id:1318,出货量:430
商家id:1952,出货量:630
商家id:4716,出货量:28
商家id:4648,出货量:1996
商家id:1554,出货量:51
商家id:2558,出货量:29
商家id:4405,出货量:104
商家id:4133,出货量:80
商家id:2496,出货量:38
商家id:415,出货量:688
商家id:4961,出货量:265
商家id:987,出货量:30
商家id:3272,出货量:37
商家id:394,出货量:13
商家id:2300,出货量:171
商家id:1857,出货量:13
商家id:1659,出货量:771
商家id:2661,出货量:33
商家id:420,出货量:5344
商家id:1016,出货量:114
商家id:913,出货量:142
商家id:2288,出货量:69
商家id:4217,出货量:241
商家id:2445,出货量:282
商家id:4197,出货量:229
商家id:2765,出货量:76
商家id:108,出货量:14
商家id:3150,出货量:92
商家id:2830,出货量:27
商家id:844,出货量:124
商家id:2042,出货量:36
商家id:1438,出货量:45
商家id:3968,出货量:1463
商家id:579,出货量:112
商家id:3808,出货量:15
商家id:2293,出货量:31
商家id:2452,出货量:96
商家id:3001,出货量:30
商家id:175,出货量:64
商家id:3165,出货量:21
商家id:2882,出货量:224
商家id:1504,出货量:134
商家id:562,出货量:28
商家id:3875,出货量:426
商家id:4440,出货量:391
商家id:3722,出货量:82
商家id:3202,出货量:9
商家id:2895,出货量:151
商家id:1453,出货量:50
商家id:2350,出货量:6
商家id:1513,出货量:20
商家id:880,出货量:45
商家id:943,出货量:51
商家id:4618,出货量:256
商家id:238,出货量:75
商家id:990,出货量:124
商家id:1051,出货量:75
商家id:3108,出货量:143
商家id:4926,出货量:999
商家id:1191,出货量:14
商家id:2032,出货量:184
商家id:1448,出货量:142
商家id:2875,出货量:22
商家id:3485,出货量:43
商家id:1881,出货量:18
商家id:4019,出货量:51
商家id:3785,出货量:51
商家id:3113,出货量:57
商家id:4913,出货量:61
商家id:3425,出货量:361
商家id:1366,出货量:88
商家id:350,出货量:247
商家id:807,出货量:14
商家id:2477,出货量:105
商家id:1143,出货量:56
商家id:578,出货量:437
商家id:887,出货量:87
商家id:3201,出货量:46
商家id:668,出货量:26
商家id:1263,出货量:199
商家id:2292,出货量:259
商家id:4885,出货量:41
商家id:1799,出货量:99
商家id:984,出货量:71
商家id:2841,出货量:19
商家id:4649,出货量:175
商家id:2091,出货量:157
商家id:3273,出货量:95
商家id:2824,出货量:624
商家id:1439,出货量:75
商家id:3162,出货量:27
商家id:1832,出货量:75
商家id:2883,出货量:805
商家id:1052,出货量:34
商家id:174,出货量:21
商家id:4149,出货量:64
商家id:993,出货量:132
商家id:4925,出货量:81
商家id:2486,出货量:36
商家id:1190,出货量:471
商家id:2303,出货量:662
商家id:239,出货量:235
商家id:858,出货量:121
商家id:322,出货量:221
商家id:3,出货量:39
商家id:940,出货量:56
商家id:2031,出货量:3322
商家id:1505,出货量:86
商家id:1378,出货量:115
商家id:423,出货量:583
商家id:1017,出货量:104
商家id:4960,出货量:317
商家id:1278,出货量:25
商家id:2289,出货量:68
商家id:1096,出货量:327
商家id:4216,出货量:30
商家id:2524,出货量:47
商家id:3766,出货量:334
商家id:2874,出货量:145
商家id:4018,出货量:42
商家id:1154,出货量:69
商家id:4194,出货量:48
商家id:563,出货量:102
商家id:3484,出货量:1095
商家id:3876,出货量:56
商家id:673,出货量:64
商家id:4441,出货量:23
商家id:109,出货量:82
商家id:3157,出货量:38
商家id:4406,出货量:67
商家id:3109,出货量:64
商家id:2764,出货量:45
商家id:2351,出货量:167
商家id:912,出货量:80
商家id:3723,出货量:151
商家id:4717,出货量:78
商家id:843,出货量:40
商家id:2043,出货量:64
商家id:1557,出货量:1476
商家id:1825,出货量:188
商家id:2894,出货量:77
商家id:1049,出货量:842
商家id:1512,出货量:686
商家id:4134,出货量:41
商家id:3112,出货量:120
商家id:4910,出货量:74
商家id:3424,出货量:199
商家id:1367,出货量:32
商家id:416,出货量:3360
商家id:1880,出货量:39
商家id:2559,出货量:277
商家id:3969,出货量:61
商家id:806,出货量:711
商家id:3000,出货量:78
商家id:323,出货量:1574
商家id:2476,出货量:76
商家id:1140,出货量:292
商家id:4407,出货量:108
商家id:886,出货量:77
商家id:3498,出货量:30
商家id:2770,出货量:125
商家id:1262,出货量:148
商家id:2291,出货量:140
商家id:3487,出货量:3
商家id:985,出货量:59
商家id:2860,出货量:123
商家id:1798,出货量:74
商家id:2090,出货量:35
商家id:3270,出货量:81
商家id:1894,出货量:34
商家id:2825,出货量:18
商家id:4459,出货量:409
商家id:4911,出货量:209
商家id:173,出货量:2997
商家id:3163,出货量:1545
商家id:1833,出货量:2391
商家id:2527,出货量:168
商家id:1053,出货量:53
商家id:4148,出货量:65
商家id:4924,出货量:1215
商家id:3430,出货量:30
商家id:2487,出货量:45
商家id:1193,出货量:330
商家id:2302,出货量:48
商家id:1779,出货量:27
商家id:859,出货量:652
商家id:1048,出货量:19
商家id:4981,出货量:130
商家id:667,出货量:95
商家id:2030,出货量:184
商家id:3892,出货量:67
商家id:992,出货量:26
商家id:422,出货量:7200
商家id:1010,出货量:258
商家id:1279,出货量:22
商家id:1097,出货量:44
商家id:4211,出货量:43
商家id:3767,出货量:56
商家id:1157,出货量:98
商家id:4195,出货量:190
商家id:564,出货量:53
商家id:2880,出货量:74
商家id:3003,出货量:78
商家id:3877,出货量:151
商家id:1861,出货量:2851
商家id:920,出货量:33
商家id:4442,出货量:163
商家id:4886,出货量:35
商家id:4710,出货量:215
商家id:842,出货量:87
商家id:2040,出货量:39
商家id:3200,出货量:495
商家id:1824,出货量:146
商家id:2897,出货量:15
商家id:1556,出货量:401
商家id:4135,出货量:70
商家id:3111,出货量:185
商家id:941,出货量:506
商家id:1537,出货量:77
商家id:1364,出货量:709
商家id:417,出货量:34
商家id:4974,出货量:60
商家id:2356,出货量:84
商家id:805,出货量:29
商家id:3156,出货量:22
商家id:3715,出货量:340
商家id:2861,出货量:165
商家id:2475,出货量:65
商家id:1141,出货量:94
商家id:885,出货量:69
商家id:3499,出货量:42
商家id:3805,出货量:35
商家id:2771,出货量:56
商家id:1261,出货量:16
商家id:3002,出货量:65
商家id:2093,出货量:183
商家id:3271,出货量:371
商家id:1895,出货量:840
商家id:399,出货量:61
商家id:4458,出货量:70
商家id:172,出货量:166
商家id:3160,出货量:293
商家id:1546,出货量:51
商家id:1830,出货量:128
商家id:2881,出货量:72
商家id:1054,出货量:88
商家id:4443,出货量:58
商家id:4980,出货量:65
商家id:951,出货量:1059
商家id:3431,出货量:30
商家id:2484,出货量:485
商家id:1192,出货量:27
商家id:2305,出货量:147
商家id:1778,出货量:19
商家id:3788,出货量:46
商家id:320,出货量:381
商家id:508,出货量:727
商家id:666,出货量:18
商家id:4862,出货量:72
商家id:3893,出货量:288
商家id:425,出货量:61
商家id:1011,出货量:249
商家id:3812,出货量:35
商家id:3214,出货量:534
商家id:2290,出货量:24
商家id:1090,出货量:638
商家id:4210,出货量:23
商家id:3768,出货量:18
商家id:2448,出货量:663
商家id:1156,出货量:150
商家id:4192,出货量:206
商家id:565,出货量:116
商家id:4887,出货量:48
商家id:1860,出货量:1031
商家id:2526,出货量:197
商家id:4930,出货量:45
商家id:3155,出货量:161
商家id:921,出货量:25
商家id:3486,出货量:690
商家id:4509,出货量:1881
商家id:964,出货量:446
商家id:4711,出货量:40
商家id:841,出货量:114
商家id:2041,出货量:15
商家id:1559,出货量:129
商家id:1827,出货量:251
商家id:2896,出货量:34
商家id:4400,出货量:52
商家id:4136,出货量:109
商家id:3110,出货量:176
商家id:2024,出货量:257
商家id:1536,出货量:281
商家id:2798,出货量:52
商家id:1365,出货量:199
商家id:410,出货量:61
商家id:2826,出货量:17
商家id:4975,出货量:79
商家id:2357,出货量:52
商家id:804,出货量:814
商家id:3948,出货量:71
商家id:3714,出货量:258
商家id:2862,出货量:54
商家id:1826,出货量:112
商家id:708,出货量:212
商家id:1547,出货量:73
商家id:884,出货量:14
商家id:3496,出货量:800
商家id:3804,出货量:28
商家id:665,出货量:34
商家id:2827,出货量:32
商家id:2598,出货量:155
商家id:4931,出货量:15
商家id:2474,出货量:40
商家id:2297,出货量:51
商家id:2092,出货量:235
商家id:234,出货量:433
商家id:1146,出货量:38
商家id:2304,出货量:74
商家id:398,出货量:129
商家id:1896,出货量:21
商家id:171,出货量:192
商家id:3161,出货量:325
商家id:3215,出货量:296
商家id:1831,出货量:187
商家id:2886,出货量:116
商家id:1055,出货量:29
商家id:2772,出货量:173
商家id:3104,出货量:145
商家id:950,出货量:48
商家id:3432,出货量:338
商家id:2485,出货量:24
商家id:1195,出货量:61
商家id:4983,出货量:51
商家id:4709,出货量:653
商家id:4508,出货量:363
商家id:939,出货量:195
商家id:321,出货量:60
商家id:2369,出货量:17
商家id:509,出货量:18
商家id:4863,出货量:51
商家id:1508,出货量:14
商家id:424,出货量:372
商家id:1012,出货量:180
商家id:3813,出货量:46
商家id:618,出货量:15
商家id:1260,出货量:49
商家id:1091,出货量:62
商家id:4213,出货量:59
商家id:965,出货量:1713
商家id:3953,出货量:139
商家id:3769,出货量:226
商家id:2879,出货量:501
商家id:2449,出货量:406
商家id:1151,出货量:398
商家id:4193,出货量:95
商家id:566,出货量:442
商家id:3319,出货量:900
商家id:1863,出货量:77
商家id:4444,出货量:2059
商家id:3890,出货量:33
商家id:3154,出货量:423
商家id:2521,出货量:45
商家id:922,出货量:89
商家id:1595,出货量:1653
商家id:4712,出货量:157
商家id:840,出货量:405
商家id:4831,出货量:10
商家id:1558,出货量:9
商家id:3789,出货量:46
商家id:2891,出货量:668
商家id:4401,出货量:113
商家id:4137,出货量:258
商家id:2025,出货量:63
商家id:1535,出货量:6566
商家id:2799,出货量:183
商家id:1362,出货量:53
商家id:411,出货量:566
商家id:4976,出货量:6584
商家id:2354,出货量:38
商家id:3717,出货量:18
商家id:1147,出货量:40
商家id:3497,出货量:133
商家id:664,出货量:194
商家id:2969,出货量:80
商家id:2659,出货量:35
商家id:1544,出货量:277
商家id:1836,出货量:56
商家id:2520,出货量:102
商家id:4145,出货量:135
商家id:2482,出货量:2862
商家id:966,出货量:762
商家id:4708,出货量:931
商家id:938,出货量:88
商家id:4860,出货量:384
商家id:1092,出货量:62
商家id:1267,出货量:34
商家id:1150,出货量:372
商家id:2599,出货量:82
商家id:1959,出货量:179
商家id:2318,出货量:2481
商家id:1821,出货量:89
商家id:4402,出货量:80
商家id:412,出货量:1188
商家id:4977,出货量:72
商家id:3949,出货量:885
商家id:2473,出货量:272
商家id:709,出货量:48
商家id:2773,出货量:101
商家id:1089,出货量:105
商家id:3140,出货量:67
商家id:2820,出货量:99
商家id:832,出货量:64
商家id:2026,出货量:563
商家id:2307,出货量:52
商家id:1652,出货量:38
商家id:427,出货量:71
商家id:1013,出货量:536
商家id:3810,出货量:28
商家id:4212,出货量:105
商家id:3952,出货量:224
商家id:3519,出货量:62
商家id:4190,出货量:25
商家id:3318,出货量:70
商家id:923,出货量:83
商家id:519,出货量:36
商家id:1534,出货量:91
商家id:3807,出货量:16
商家id:2296,出货量:32
商家id:170,出货量:142
商家id:3216,出货量:223
商家id:2887,出货量:70
商家id:4982,出货量:208
商家id:2368,出货量:12
商家id:506,出货量:495
商家id:3891,出货量:108
商家id:567,出货量:1077
商家id:1594,出货量:333
商家id:1862,出货量:44
商家id:4445,出货量:39
商家id:4778,出货量:39
商家id:4932,出货量:56
商家id:1509,出货量:153
商家id:4830,出货量:69
商家id:2890,出货量:115
商家id:2109,出货量:78
商家id:1458,出货量:25
商家id:2355,出货量:49
商家id:2863,出货量:25
商家id:235,出货量:114
商家id:1897,出货量:402
商家id:3348,出货量:55
商家id:1056,出货量:3821
商家id:3105,出货量:1088
商家id:4929,出货量:61
商家id:3433,出货量:246
商家id:1194,出货量:60
商家id:326,出货量:507
商家id:619,出货量:53
商家id:2878,出货量:43
商家id:4152,出货量:180
商家id:4713,出货量:44
商家id:689,出货量:80
商家id:1363,出货量:27
商家id:953,出货量:51
商家id:1308,出货量:165
商家id:2658,出货量:90
商家id:1144,出货量:69
商家id:3494,出货量:88
商家id:663,出货量:354
商家id:2968,出货量:118
商家id:3716,出货量:1660
商家id:4389,出货量:14
商家id:1545,出货量:33
商家id:1837,出货量:39
商家id:2523,出货量:58
商家id:4144,出货量:165
商家id:2483,出货量:33
商家id:4985,出货量:455
商家id:4861,出货量:145
商家id:2709,出货量:768
商家id:1093,出货量:260
商家id:1153,出货量:17
商家id:1309,出货量:17
商家id:4933,出货量:453
商家id:1958,出货量:68
商家id:2319,出货量:48
商家id:4642,出货量:298
商家id:1820,出货量:47
商家id:4403,出货量:121
商家id:413,出货量:23
商家id:924,出货量:477
商家id:4329,出货量:196
商家id:2472,出货量:255
商家id:2774,出货量:68
商家id:1088,出货量:88
商家id:115,出货量:54
商家id:3141,出货量:20
商家id:2821,出货量:2102
商家id:833,出货量:14
商家id:2306,出货量:141
商家id:4497,出货量:24
商家id:2108,出货量:1251
商家id:1653,出货量:86
商家id:426,出货量:219
商家id:586,出货量:2756
商家id:3811,出货量:142
商家id:3951,出货量:511
商家id:952,出货量:44
商家id:4191,出货量:85
商家id:3518,出货量:438
商家id:102,出货量:629
商家id:4970,出货量:28
商家id:518,出货量:33
商家id:1533,出货量:96
商家id:573,出货量:39
商家id:3806,出货量:118
商家id:2295,出货量:160
商家id:4101,出货量:56
商家id:3217,出货量:59
商家id:2884,出货量:176
商家id:1266,出货量:4
商家id:1988,出货量:113
商家id:2367,出货量:1541
商家id:507,出货量:30
商家id:3896,出货量:54
商家id:1597,出货量:190
商家id:1865,出货量:105
商家id:4446,出货量:17
商家id:4779,出货量:57
商家id:967,出货量:108
商家id:3449,出货量:1250
商家id:1188,出货量:1302
商家id:4833,出货量:159
商家id:2893,出货量:31
商家id:1601,出货量:197
商家id:2027,出货量:37
商家id:1459,出货量:81
商家id:2864,出货量:148
商家id:236,出货量:201
商家id:1890,出货量:2191
商家id:4008,出货量:112
商家id:3349,出货量:374
商家id:1057,出货量:58
商家id:3106,出货量:116
商家id:4928,出货量:53
商家id:3434,出货量:39
商家id:1197,出货量:28
商家id:327,出货量:526
商家id:4153,出货量:132
商家id:4013,出货量:24
商家id:688,出货量:36
商家id:1360,出货量:44
商家id:662,出货量:23
商家id:4328,出货量:14
商家id:960,出货量:376
商家id:3711,出货量:11
商家id:2865,出货量:10
商家id:2471,出货量:185
商家id:1145,出货量:442
商家id:572,出货量:70
商家id:889,出货量:14
商家id:3495,出货量:30
商家id:3801,出货量:30
商家id:2775,出货量:195
商家id:1265,出货量:29
商家id:925,出货量:213
商家id:114,出货量:536
商家id:3142,出货量:51
商家id:1196,出货量:37
商家id:4611,出货量:18
商家id:237,出货量:20
商家id:1891,出货量:103
商家id:2822,出货量:429
商家id:2323,出货量:275
商家id:4009,出货量:323
商家id:830,出货量:680
商家id:4388,出货量:610
商家id:1542,出货量:121
商家id:1834,出货量:58
商家id:2885,出货量:195
商家id:1058,出货量:1184
商家id:4147,出货量:72
商家id:3107,出货量:289
商家id:955,出货量:20
商家id:3435,出货量:11
商家id:2480,出货量:15
商家id:1989,出货量:158
商家id:407,出货量:24
商家id:4496,出货量:93
商家id:4984,出货量:47
商家id:324,出货量:74
商家id:3210,出货量:55
商家id:2366,出货量:137
商家id:504,出货量:64
商家id:4866,出货量:25
商家id:3897,出货量:73
商家id:2668,出货量:400
商家id:146,出货量:61
商家id:587,出货量:318
商家id:3816,出货量:21
商家id:2708,出货量:88
商家id:4643,出货量:163
商家id:1793,出货量:27
商家id:999,出货量:11
商家id:3950,出货量:212
商家id:4100,出货量:40
商家id:1152,出货量:22
商家id:4378,出货量:91
商家id:1596,出货量:17
商家id:1864,出货量:22
商家id:4447,出货量:28
商家id:103,出货量:41
商家id:3159,出货量:1674
商家id:2294,出货量:301
商家id:1650,出货量:56
商家id:1025,出货量:71
商家id:4150,出货量:372
商家id:4934,出货量:18
商家id:3448,出货量:291
商家id:1189,出货量:194
商家id:2316,出货量:31
商家id:1600,出货量:256
商家id:4832,出货量:180
商家id:1788,出货量:65
商家id:1823,出货量:76
商家id:2892,出货量:71
商家id:2020,出货量:359
商家id:1532,出货量:49
商家id:4012,出货量:63
商家id:2522,出货量:57
商家id:1361,出货量:33
商家id:4971,出货量:123
商家id:359,出货量:467
商家id:1789,出货量:48
商家id:4146,出货量:23
商家id:3710,出货量:53
商家id:2866,出货量:26
商家id:2470,出货量:42
商家id:704,出货量:14
商家id:571,出货量:40
商家id:888,出货量:19
商家id:3492,出货量:31
商家id:3800,出货量:19
商家id:2776,出货量:233
商家id:1264,出货量:91
商家id:4435,出货量:18
商家id:117,出货量:57
商家id:3143,出货量:287
商家id:4610,出货量:71
商家id:230,出货量:47
商家id:961,出货量:25
商家id:1892,出货量:8586
商家id:2823,出货量:3960
商家id:2322,出货量:68
商家id:831,出货量:76
商家id:1543,出货量:96
商家id:1835,出货量:190
商家id:1059,出货量:224
商家id:4987,出货量:100
商家id:3100,出货量:70
商家id:954,出货量:104
商家id:3436,出货量:55
商家id:2481,出货量:41
商家id:406,出货量:101
商家id:4495,出货量:16
商家id:3009,出货量:37
商家id:325,出货量:27
商家id:2365,出货量:317
商家id:505,出货量:92
商家id:4867,出货量:26
商家id:3894,出货量:74
商家id:2669,出货量:2139
商家id:1177,出货量:21
商家id:147,出货量:30
商家id:584,出货量:11
商家id:1651,出货量:32
商家id:2280,出货量:101
商家id:1792,出货量:45
商家id:4011,出货量:56
商家id:3957,出货量:120
商家id:998,出货量:88
商家id:3817,出货量:47
商家id:4379,出货量:24
商家id:1591,出货量:91
商家id:661,出货量:192
商家id:1867,出货量:2168
商家id:2021,出货量:49
商家id:4448,出货量:48
商家id:100,出货量:133
商家id:3158,出货量:48
商家id:3211,出货量:82
商家id:2239,出货量:92
商家id:1024,出货量:73
商家id:4151,出货量:61
商家id:4935,出货量:15
商家id:1186,出货量:78
商家id:2317,出货量:73
商家id:1603,出货量:356
商家id:4835,出货量:115
商家id:4103,出货量:12
商家id:1822,出货量:235
商家id:2411,出货量:82
商家id:4972,出货量:61
商家id:1531,出货量:44
商家id:4640,出货量:383
商家id:926,出货量:154
商家id:358,出货量:116
商家id:4641,出货量:108
商家id:3713,出货量:27
商家id:2867,出货量:86
商家id:705,出货量:28
商家id:1530,出货量:50
商家id:570,出货量:112
商家id:3493,出货量:92
商家id:3803,出货量:75
商家id:2777,出货量:519
商家id:4434,出货量:35
商家id:4102,出货量:180
商家id:3144,出货量:2579
商家id:4613,出货量:56
商家id:3437,出货量:26
商家id:2099,出货量:1801
商家id:3008,出货量:110
商家id:1893,出货量:15
商家id:2321,出货量:77
商家id:836,出货量:136
商家id:1540,出货量:93
商家id:4141,出货量:123
商家id:3101,出货量:25
商家id:957,出货量:76
商家id:231,出货量:34
商家id:405,出货量:22
商家id:4494,出货量:213
商家id:3212,出货量:63
商家id:4010,出货量:52
商家id:2364,出货量:12
商家id:1656,出货量:29
商家id:4864,出货量:1837
商家id:3895,出货量:15
商家id:2464,出货量:90
商家id:1176,出货量:22
商家id:144,出货量:608
商家id:585,出货量:32
商家id:4859,出货量:69
商家id:3814,出货量:29
商家id:1270,出货量:298
商家id:2281,出货量:83
商家id:1791,出货量:54
商家id:4986,出货量:71
商家id:3956,出货量:382
商家id:2792,出货量:642
商家id:1590,出货量:19
商家id:1866,出货量:81
商家id:4449,出货量:20
商家id:101,出货量:186
商家id:1807,出货量:403
商家id:2238,出货量:216
商家id:1027,出货量:386
商家id:4156,出货量:17
商家id:4936,出货量:237
商家id:962,出货量:2773
商家id:2268,出货量:79
商家id:660,出货量:128
商家id:1187,出货量:317
商家id:2314,出货量:30
商家id:1602,出货量:496
商家id:4834,出货量:80
商家id:3209,出货量:179
商家id:2410,出货量:194
商家id:116,出货量:97
商家id:2039,出货量:90
商家id:2022,出货量:140
商家id:502,出货量:68
商家id:685,出货量:2033
商家id:4973,出货量:90
商家id:927,出货量:179
商家id:2712,出货量:92
商家id:605,出货量:129
商家id:2315,出货量:97
商家id:229,出货量:20
商家id:706,出货量:38
商家id:3712,出货量:33
商家id:2868,出货量:31
商家id:4718,出货量:648
商家id:1148,出货量:33
商家id:577,出货量:223
商家id:3490,出货量:63
商家id:3802,出货量:32
商家id:1876,出货量:36
商家id:404,出货量:97
商家id:4437,出货量:117
商家id:111,出货量:665
商家id:3145,出货量:63
商家id:1790,出货量:14
商家id:2098,出货量:27
商家id:3278,出货量:110
商家id:3452,出货量:62
商家id:4646,出货量:92
商家id:2320,出货量:242
商家id:837,出货量:65
商家id:4828,出货量:324
商家id:3213,出货量:525
商家id:4017,出货量:58
商家id:2888,出货量:74
商家id:4140,出货量:197
商家id:3102,出货量:310
商家id:956,出货量:46
商家id:1524,出货量:353
商家id:612,出货量:681
商家id:1298,出货量:179
商家id:2269,出货量:223
商家id:4493,出货量:158
商家id:232,出货量:681
商家id:7,出货量:142
商家id:4989,出货量:49
商家id:1541,出货量:196
商家id:2363,出货量:104
商家id:503,出货量:1690
商家id:2038,出货量:11
商家id:2815,出货量:167
商家id:2465,出货量:412
商家id:1175,出货量:246
商家id:145,出货量:1443
商家id:582,出货量:37
商家id:3815,出货量:125
商家id:2705,出货量:67
商家id:1271,出货量:88
商家id:2282,出货量:59
商家id:4858,出货量:304
商家id:4219,出货量:237
商家id:3955,出货量:1448
商家id:933,出货量:28
商家id:4105,出货量:21
商家id:1593,出货量:147
商家id:2793,出货量:56
商家id:1869,出货量:18
商家id:106,出货量:209
商家id:1806,出货量:133
商家id:1026,出货量:210
商家id:4157,出货量:94
商家id:4937,出货量:63
商家id:3445,出货量:199
商家id:1184,出货量:363
商家id:963,出货量:856
商家id:1605,出货量:218
商家id:4837,出货量:35
商家id:3208,出货量:46
商家id:2048,出货量:62
商家id:2413,出货量:222
商家id:2378,出货量:190
商家id:2023,出货量:596
商家id:684,出货量:802
商家id:4865,出货量:1212
商家id:1657,出货量:31
商家id:4612,出货量:14
商家id:3827,出货量:31
商家id:2713,出货量:187
商家id:4988,出货量:60
商家id:1098,出货量:98
商家id:604,出货量:88
商家id:2653,出货量:155
商家id:2869,出货量:464
商家id:1149,出货量:56
商家id:576,出货量:72
商家id:3491,出货量:6297
商家id:2790,出货量:256
商家id:1174,出货量:27
商家id:110,出货量:120
商家id:3146,出货量:91
商家id:4836,出货量:262
商家id:4615,出货量:724
商家id:2814,出货量:265
商家id:233,出货量:263
商家id:977,出货量:303
商家id:3453,出货量:158
商家id:2327,出货量:64
商家id:834,出货量:1079
商家id:4829,出货量:444
商家id:3513,出货量:126
商家id:1838,出货量:1453
商家id:2889,出货量:3
商家id:4143,出货量:1217
商家id:3103,出货量:569
商家id:2118,出货量:121
商家id:1525,出货量:25
商家id:4647,出货量:272
商家id:1299,出货量:26
商家id:403,出货量:148
商家id:4492,出货量:415
商家id:613,出货量:26
商家id:932,出货量:80
商家id:328,出货量:28
商家id:3279,出货量:352
商家id:2362,出货量:645
商家id:500,出货量:295
商家id:4016,出货量:19
商家id:2648,出货量:48
商家id:4945,出货量:2412
商家id:2466,出货量:64
商家id:707,出货量:139
商家id:142,出货量:219
商家id:583,出货量:17
商家id:2704,出货量:190
商家id:1272,出货量:3005
商家id:2283,出货量:306
商家id:1797,出货量:16
商家id:1805,出货量:724
商家id:3954,出货量:766
商家id:3401,出货量:60
商家id:2103,出货量:400
商家id:4218,出货量:4789
商家id:2379,出货量:17
商家id:1592,出货量:349
商家id:4436,出货量:111
商家id:1868,出货量:26
商家id:107,出货量:78
商家id:3508,出货量:23
商家id:3689,出货量:351
商家id:3629,出货量:564
商家id:4154,出货量:51
商家id:1877,出货量:61
商家id:4938,出货量:202
商家id:3444,出货量:633
商家id:1185,出货量:135
商家id:2312,出货量:69
商家id:4719,出货量:57
商家id:849,出货量:111
商家id:2049,出货量:373
商家id:3197,出货量:22
商家id:3342,出货量:26
商家id:228,出货量:107
商家id:2412,出货量:887
商家id:1654,出货量:457
商家id:1669,出货量:210
商家id:4857,出货量:43
商家id:1021,出货量:67
商家id:687,出货量:281
商家id:1604,出货量:23
商家id:418,出货量:127
商家id:4104,出货量:43
商家id:1655,出货量:48
商家id:3826,出货量:2851
商家id:2710,出货量:76
商家id:113,出货量:39
商家id:3628,出货量:343
商家id:3940,出货量:91
商家id:2652,出货量:356
商家id:700,出货量:88
商家id:2817,出货量:122
商家id:575,出货量:127
商家id:3311,出货量:24
商家id:3678,出货量:473
商家id:4431,出货量:111
商家id:4644,出货量:5704
商家id:4107,出货量:118
商家id:3147,出货量:99
商家id:1607,出货量:20
商家id:4383,出货量:39
商家id:4614,出货量:215
商家id:143,出货量:16
商家id:976,出货量:174
商家id:3450,出货量:20
商家id:2326,出货量:218
商家id:1618,出货量:2612
商家id:835,出货量:96
商家id:4826,出货量:382
商家id:3343,出货量:34
商家id:1839,出货量:143
商家id:2529,出货量:121
商家id:1409,出货量:20
商家id:4142,出货量:52
商家id:2119,出货量:50
商家id:1526,出货量:387
商家id:402,出货量:412
商家id:4491,出货量:431
商家id:931,出货量:145
商家id:329,出货量:64
商家id:610,出货量:19
商家id:2361,出货量:569
商家id:501,出货量:416
商家id:2649,出货量:202
商家id:1359,出货量:384
商家id:2467,出货量:33
商家id:1173,出货量:567
商家id:4398,出货量:105
商家id:580,出货量:19
商家id:4944,出货量:79
商家id:2707,出货量:54
商家id:1273,出货量:71
商家id:2284,出货量:323
商家id:1099,出货量:90
商家id:1796,出货量:320
商家id:1874,出货量:718
商家id:3400,出货量:46
商家id:1804,出货量:37
商家id:4856,出货量:62
商家id:227,出货量:494
商家id:3688,出货量:68
商家id:607,出货量:62
商家id:3512,出货量:32
商家id:104,出货量:401
商家id:1020,出货量:155
商家id:4813,出货量:96
商家id:3509,出货量:68
商家id:2791,出货量:755
商家id:4679,出货量:50
商家id:4155,出货量:64
商家id:4939,出货量:870
商家id:3447,出货量:61
商家id:1182,出货量:121
商家id:2313,出货量:860
商家id:4015,出货量:242
商家id:848,出货量:418
商家id:3196,出货量:1143
商家id:4994,出货量:80
商家id:2415,出货量:82
商家id:1668,出货量:79
商家id:2102,出货量:1122
商家id:686,出货量:28
商家id:419,出货量:26
商家id:4106,出货量:41
商家id:3825,出货量:135
商家id:2711,出货量:375
商家id:1209,出货量:25
商家id:3941,出货量:702
商家id:2651,出货量:428
商家id:112,出货量:109
商家id:701,出货量:25
商家id:574,出货量:738
商家id:4372,出货量:170
商家id:3679,出货量:208
商家id:4430,出货量:15
商家id:226,出货量:55
商家id:3148,出货量:627
商家id:1606,出货量:78
商家id:4617,出货量:107
商家id:4167,出货量:18
商家id:975,出货量:20
商家id:3451,出货量:191
商家id:2325,出货量:116
商家id:1619,出货量:200
商家id:4382,出货量:79
商家id:3511,出货量:403
商家id:2528,出货量:71
商家id:524,出货量:155
商家id:2706,出货量:23
商家id:1408,出货量:148
商家id:1527,出货量:53
商家id:401,出货量:94
商家id:4490,出货量:84
商家id:930,出货量:58
商家id:2360,出货量:248
商家id:1358,出货量:155
商家id:2460,出货量:507
商家id:1172,出货量:167
商家id:140,出货量:113
商家id:581,出货量:12
商家id:3818,出货量:603
商家id:611,出货量:57
商家id:1274,出货量:119
商家id:2285,出货量:83
商家id:1795,出货量:29
商家id:3135,出货量:26
商家id:511,出货量:52
商家id:3403,出货量:19
商家id:4947,出货量:132
商家id:4608,出货量:48
商家id:1875,出货量:1459
商家id:3310,出货量:128
商家id:2816,出货量:39
商家id:606,出货量:3922
商家id:4855,出货量:76
商家id:105,出货量:12
商家id:4812,出货量:32
商家id:4399,出货量:56
商家id:1803,出货量:80
商家id:1023,出货量:93
商家id:681,出货量:1
商家id:3446,出货量:114
商家id:1183,出货量:90
商家id:2310,出货量:88
商家id:4014,出货量:29
商家id:3195,出货量:152
商家id:4995,出货量:194
商家id:2414,出货量:148
商家id:4827,出货量:211
商家id:1667,出货量:371
商家id:4678,出货量:96
商家id:2101,出货量:52
商家id:4645,出货量:131
商家id:2796,出货量:64
商家id:3340,出货量:20
商家id:591,出货量:68
商家id:3510,出货量:95
商家id:601,出货量:59
商家id:1208,出货量:23
商家id:4321,出货量:381
商家id:3942,出货量:16
商家id:2650,出货量:17
商家id:702,出货量:53
商家id:2797,出货量:153
商家id:258,出货量:85
商家id:3824,出货量:8
商家id:1872,出货量:49
商家id:4433,出货量:102
商家id:4677,出货量:164
商家id:4109,出货量:11
商家id:3149,出货量:43
商家id:225,出货量:15
商家id:4616,出货量:270
商家id:4166,出货量:24
商家id:974,出货量:171
商家id:3456,出货量:59
商家id:1171,出货量:235
商家id:2324,出货量:38
商家id:1616,出货量:33
商家id:4824,出货量:51
商家id:3341,出货量:49
商家id:2381,出货量:57
商家id:525,出货量:63
商家id:3194,出货量:40
商家id:1520,出货量:476
商家id:400,出货量:45
商家id:937,出货量:228
商家id:2811,出货量:168
商家id:2461,出货量:36
商家id:719,出货量:29
商家id:141,出货量:2667
商家id:4381,出货量:56
商家id:616,出货量:50
商家id:3819,出货量:456
商家id:2701,出货量:29
商家id:1275,出货量:80
商家id:2286,出货量:84
商家id:1794,出货量:31
商家id:4116,出货量:95
商家id:3134,出货量:81
商家id:4946,出货量:77
商家id:4609,出货量:103
商家id:4373,出货量:72
商家id:3313,出货量:65
商家id:1623,出货量:651
商家id:120,出货量:620
商家id:4811,出货量:220
商家id:2100,出货量:73
商家id:1802,出货量:66
商家id:1022,出货量:412
商家id:3441,出货量:40
商家id:1180,出货量:62
商家id:2311,出货量:146
商家id:4484,出货量:60
商家id:4000,出货量:29
商家id:3402,出货量:220
商家id:4992,出货量:1468
商家id:2716,出货量:44
商家id:2417,出货量:154
商家id:1666,出货量:114
商家id:2374,出货量:267
商家id:510,出货量:53
商家id:4854,出货量:84
商家id:680,出货量:60
商家id:1368,出货量:35
商家id:151,出货量:68
商家id:590,出货量:914
商家id:4825,出货量:69
商家id:339,出货量:116
商家id:2717,出货量:20
商家id:4853,出货量:38
商家id:1780,出货量:200
商家id:3346,出货量:99
商家id:3943,出货量:29
商家id:2657,出货量:97
商家id:2479,出货量:99
商家id:703,出货量:1102
商家id:4633,出货量:378
商家id:259,出货量:159
商家id:1873,出货量:25
商家id:4432,出货量:172
商家id:3823,出货量:22
商家id:4108,出货量:72
商家id:718,出货量:218
商家id:600,出货量:53
商家id:1739,出货量:313
商家id:4165,出货量:92
商家id:3312,出货量:26
商家id:973,出货量:186
商家id:3457,出货量:84
商家id:1617,出货量:1400
商家id:838,出货量:21
商家id:4380,出货量:83
商家id:3218,出货量:39
商家id:1111,出货量:332
商家id:2380,出货量:32
商家id:526,出货量:36
商家id:2,出货量:131
商家id:4848,出货量:429
商家id:1521,出货量:71
商家id:3517,出货量:34
商家id:2262,出货量:45
商家id:4001,出货量:104
商家id:936,出货量:63
商家id:2810,出货量:618
商家id:2462,出货量:98
商家id:1170,出货量:42
商家id:3719,出货量:132
商家id:2416,出货量:21
商家id:2700,出货量:343
商家id:1276,出货量:159
商家id:2287,出货量:20
商家id:121,出货量:3504
商家id:3137,出货量:307
商家id:3405,出货量:53
商家id:4941,出货量:25
商家id:4606,出货量:71
商家id:683,出货量:385
商家id:4370,出货量:79
商家id:224,出货量:26
商家id:1665,出货量:75
商家id:617,出货量:83
商家id:2330,出货量:40
商家id:1622,出货量:14
商家id:4810,出货量:115
商家id:1801,出货量:165
商家id:4117,出货量:23
商家id:2107,出货量:53
商家id:4158,出货量:86
商家id:968,出货量:315
商家id:3440,出货量:5
商家id:4320,出货量:48
商家id:1181,出货量:38
商家id:472,出货量:221
商家id:4485,出货量:98
商家id:3193,出货量:46
商家id:4993,出货量:325
商家id:4676,出货量:33
商家id:2375,出货量:362
商家id:513,出货量:108
商家id:2028,出货量:26
商家id:2794,出货量:132
商家id:1369,出货量:816
商家id:1164,出货量:41
商家id:150,出货量:45
商家id:593,出货量:16
商家id:122,出货量:29
商家id:3822,出货量:623
商家id:603,出货量:375
商家id:223,出货量:14
商家id:1781,出货量:1118
商家id:2714,出货量:68
商家id:3944,出货量:67
商家id:2656,出货量:130
商家id:3347,出货量:247
商家id:4632,出货量:171
商家id:1768,出货量:76
商家id:1870,出货量:97
商家id:4002,出货量:97
商家id:338,出货量:16
商家id:1738,出货量:564
商家id:4164,出货量:452
商家id:972,出货量:90
商家id:3454,出货量:159
商家id:1599,出货量:165
商家id:1614,出货量:67
商家id:839,出货量:85
商家id:4387,出货量:84
商家id:3516,出货量:107
商家id:2406,出货量:23
商家id:1110,出货量:30
商家id:4852,出货量:59
商家id:527,出货量:97
商家id:4849,出货量:21
商家id:1522,出货量:443
商家id:1292,出货量:43
商家id:4675,出货量:82
商家id:2478,出货量:22
商家id:4323,出货量:175
商家id:935,出货量:79
商家id:4093,出货量:104
商家id:3939,出货量:30
商家id:3219,出货量:84
商家id:2813,出货量:2870
商家id:2463,出货量:96
商家id:717,出货量:66
商家id:2795,出货量:525
商家id:2703,出货量:97
商家id:1277,出货量:1334
商家id:4549,出货量:63
商家id:4114,出货量:21
商家id:3136,出货量:273
商家id:614,出货量:232
商家id:2263,出货量:27
商家id:4607,出货量:1094
商家id:4371,出货量:394
商家id:3315,出货量:794
商家id:3404,出货量:13
商家id:4940,出货量:156
商家id:2383,出货量:25
商家id:2331,出货量:50
商家id:1621,出货量:180
商家id:1664,出货量:105
商家id:4817,出货量:293
商家id:1800,出货量:113
商家id:2231,出货量:22
商家id:4822,出货量:49
商家id:4159,出货量:198
商家id:3718,出货量:88
商家id:969,出货量:26
商家id:3443,出货量:81
商家id:2106,出货量:758
商家id:473,出货量:252
商家id:4486,出货量:154
商家id:3192,出货量:137
商家id:4990,出货量:438
商家id:2419,出货量:209
商家id:2376,出货量:24
商家id:512,出货量:85
商家id:2029,出货量:389
商家id:1539,出货量:87
商家id:682,出货量:1472
商家id:3515,出货量:33
商家id:1165,出货量:126
商家id:153,出货量:14
商家id:4003,出货量:103
商家id:971,出货量:92
商家id:3821,出货量:36
商家id:2715,出货量:687
商家id:1205,出货量:126
商家id:4749,出货量:24
商家id:1782,出货量:66
商家id:4322,出货量:1014
商家id:3945,出货量:28
商家id:2655,出货量:89
商家id:4823,出货量:46
商家id:60,出货量:291
商家id:4631,出货量:67
商家id:4943,出货量:96
商家id:3344,出货量:34
商家id:4487,出货量:36
商家id:1871,出货量:81
商家id:3698,出货量:3333
商家id:123,出货量:26
商家id:4163,出货量:255
商家id:222,出货量:218
商家id:3455,出货量:272
商家id:2329,出货量:37
商家id:1615,出货量:126
商家id:4386,出货量:125
商家id:1548,出货量:36
商家id:3314,出货量:97
商家id:602,出货量:102
商家id:2407,出货量:109
商家id:1113,出货量:2311
商家id:2382,出货量:796
商家id:520,出货量:48
商家id:1523,出货量:34
商家id:1678,出货量:321
商家id:2260,出货量:61
商家id:592,出货量:42
商家id:2230,出货量:87
商家id:934,出货量:322
商家id:1212,出货量:130
商家id:1814,出货量:37
商家id:3938,出货量:293
商家id:4092,出货量:28
商家id:2812,出货量:50
商家id:716,出货量:19
商家id:4518,出货量:35
商家id:2702,出货量:131
商家id:99,出货量:24
商家id:4548,出货量:241
商家id:4115,出货量:314
商家id:3131,出货量:52
商家id:3407,出货量:62
商家id:1293,出货量:92
商家id:4604,出货量:54
商家id:615,出货量:431
商家id:4376,出货量:223
商家id:1598,出货量:519
商家id:77,出货量:22
商家id:2332,出货量:844
商家id:1620,出货量:68
商家id:4816,出货量:92
商家id:3379,出货量:35
商家id:3683,出货量:442
商家id:1663,出货量:1399
商家id:3442,出货量:156
商家id:4674,出货量:28
商家id:470,出货量:531
商家id:1769,出货量:78
商家id:4851,出货量:108
商家id:3191,出货量:627
商家id:4991,出货量:68
商家id:2418,出货量:2373
商家id:2377,出货量:1148
商家id:515,出货量:145
商家id:2105,出货量:111
商家id:1538,出货量:453
商家id:1348,出货量:106
商家id:630,出货量:834
商家id:768,出货量:46
商家id:152,出货量:593
商家id:595,出货量:363
商家id:3820,出货量:125
商家id:4673,出货量:49
商家id:1783,出货量:963
商家id:4325,出货量:1077
商家id:1166,出货量:529
商家id:3946,出货量:35
商家id:2654,出货量:130
商家id:61,出货量:58
商家id:4630,出货量:468
商家id:4820,出货量:146
商家id:3308,出货量:74
商家id:3672,出货量:59
商家id:3345,出货量:671
商家id:119,出货量:20
商家id:3514,出货量:13
商家id:4668,出货量:113
商家id:1815,出货量:1123
商家id:2989,出货量:87
商家id:4748,出货量:22
商家id:4162,出货量:91
商家id:2929,出货量:88
商家id:970,出货量:48
商家id:2328,出货量:218
商家id:1612,出货量:133
商家id:4385,出货量:696
商家id:1549,出货量:101
商家id:2404,出货量:383
商家id:1112,出货量:51
商家id:2385,出货量:5938
商家id:521,出货量:98
商家id:1204,出货量:263
商家id:1403,出货量:161
商家id:3841,出货量:61
商家id:1290,出货量:96
商家id:2261,出货量:94
商家id:1679,出货量:3095
商家id:2727,出货量:165
商家id:1213,出货量:87
商家id:4091,出货量:267
商家id:3699,出货量:121
商家id:1353,出货量:437
商家id:715,出货量:124
商家id:1919,出货量:111
商家id:98,出货量:707
商家id:4519,出货量:97
商家id:124,出货量:87
商家id:3130,出货量:113
商家id:3378,出货量:107
商家id:3406,出货量:85
商家id:1627,出货量:110
商家id:4605,出货量:2247
商家id:4377,出货量:58
商家id:221,出货量:48
商家id:3467,出货量:74
商家id:2333,出货量:28
商家id:4079,出货量:4474
商家id:4815,出货量:46
商家id:76,出货量:187
商家id:3682,出货量:428
商家id:2233,出货量:37
商家id:4942,出货量:333
商家id:3317,出货量:22
商家id:1662,出货量:60
商家id:1418,出货量:257
商家id:471,出货量:87
商家id:4480,出货量:691
商家id:298,出货量:59
商家id:3190,出货量:73
商家id:4112,出货量:106
商家id:4850,出货量:1632
商家id:2370,出货量:913
商家id:514,出货量:261
商家id:4004,出货量:30
商家id:2104,出货量:47
商家id:308,出货量:146
商家id:1167,出货量:129
商家id:155,出货量:58
商家id:594,出货量:715
商家id:1349,出货量:43
商家id:335,出货量:104
商家id:1207,出货量:55
商家id:1784,出货量:858
商家id:4324,出货量:331
商家id:3947,出货量:121
商家id:3416,出货量:28
商家id:4672,出货量:84
商家id:62,出货量:69
商家id:769,出货量:27
商家id:4637,出货量:59
商家id:4349,出货量:208
商家id:3309,出货量:35
商家id:3673,出货量:33
商家id:4384,出货量:19
商家id:2928,出货量:4308
商家id:118,出货量:154
商家id:517,出货量:31
商家id:1948,出货量:257
商家id:2988,出货量:146
商家id:4161,出货量:2336
商家id:1419,出货量:34
商家id:4602,出货量:54
商家id:4669,出货量:40
商家id:4005,出货量:210
商家id:4821,出货量:98
商家id:3184,出货量:45
商家id:3621,出货量:206
商家id:2405,出货量:18
商家id:1115,出货量:477
商家id:2384,出货量:27
商家id:522,出货量:275
商家id:4844,出货量:30
商家id:1402,出货量:119
商家id:1291,出货量:162
商家id:2266,出货量:98
商家id:3834,出货量:31
商家id:631,出货量:97
商家id:1210,出货量:56
商家id:4090,出货量:1901
商家id:3377,出货量:43
商家id:2640,出货量:365
商家id:1352,出货量:716
商家id:714,出货量:69
商家id:1816,出货量:2553
商家id:1918,出货量:374
商家id:2978,出货量:35
商家id:4113,出货量:15
商家id:3133,出货量:14
商家id:3409,出货量:76
商家id:220,出货量:40
商家id:4374,出货量:290
商家id:3316,出货量:70
商家id:902,出货量:71
商家id:3466,出货量:55
商家id:2726,出货量:43
商家id:2334,出货量:182
商家id:4078,出货量:159
商家id:4814,出货量:43
商家id:3500,出货量:240
商家id:1613,出货量:111
商家id:3681,出货量:14
商家id:2232,出货量:136
商家id:1029,出货量:228
商家id:88,出货量:81
商家id:1626,出货量:33
商家id:3840,出货量:34
商家id:476,出货量:115
商家id:4481,出货量:102
商家id:299,出货量:46
商家id:75,出货量:56
商家id:2110,出货量:16
商家id:2371,出货量:358
商家id:1661,出货量:485
商家id:125,出货量:28
商家id:3922,出货量:72
商家id:1160,出货量:57
商家id:154,出货量:115
商家id:597,出货量:168
商家id:309,出货量:67
商家id:334,出货量:30
商家id:2718,出货量:302
商家id:3132,出货量:78
商家id:1785,出货量:416
商家id:4327,出货量:43
商家id:252,出货量:73
商家id:63,出货量:1102
商家id:89,出货量:97
商家id:4636,出货量:73
商家id:4348,出货量:57
商家id:3306,出货量:83
商家id:3670,出货量:68
商家id:4439,出货量:25
商家id:4800,出货量:35
商家id:2725,出货量:58
商家id:1949,出货量:466
商家id:4160,出货量:1702
商家id:3333,出货量:19
商家id:3458,出货量:37
商家id:4006,出货量:377
商家id:289,出货量:185
商家id:3185,出货量:384
商家id:2402,出货量:205
商家id:1114,出货量:40
商家id:2387,出货量:3084
商家id:523,出货量:538
商家id:4845,出货量:2753
商家id:1401,出货量:74
商家id:1296,出货量:56
商家id:2267,出货量:186
商家id:4499,出货量:666
商家id:3835,出货量:701
商家id:632,出货量:58
商家id:1211,出货量:219
商家id:4097,出货量:84
商家id:4338,出货量:23
商家id:3935,出货量:821
商家id:3620,出货量:34
商家id:1351,出货量:16
商家id:4671,出货量:38
商家id:1206,出货量:41
商家id:588,出货量:956
商家id:245,出货量:69
商家id:2641,出货量:98
商家id:1817,出货量:12
商家id:4110,出货量:93
商家id:2111,出货量:29
商家id:3408,出货量:131
商家id:1610,出货量:66
商家id:4603,出货量:28
商家id:4375,出货量:25
商家id:903,出货量:67
商家id:3465,出货量:105
商家id:2335,出货量:19
商家id:1625,出货量:184
商家id:3417,出货量:26
商家id:4390,出货量:498
商家id:3376,出货量:396
商家id:3680,出货量:119
商家id:2235,出货量:236
商家id:1028,出货量:147
商家id:713,出货量:38
商家id:3843,出货量:138
商家id:74,出货量:83
商家id:477,出货量:270
商家id:4482,出货量:114
商家id:3501,出货量:180
商家id:296,出货量:704
商家id:516,出货量:61
商家id:2372,出货量:63
商家id:1660,出货量:75
商家id:3593,出货量:207
商家id:216,出货量:90
商家id:1161,出货量:153
商家id:157,出货量:32
商家id:596,出货量:165
商家id:337,出货量:134
商家id:127,出货量:232
商家id:1201,出货量:26
商家id:1786,出货量:349
商家id:4326,出货量:80
商家id:3049,出货量:49
商家id:3414,出货量:55
商家id:2724,出货量:115
商家id:64,出货量:11
商家id:4635,出货量:56
商家id:3307,出货量:18
商家id:4347,出货量:88
商家id:253,出货量:36
商家id:3671,出货量:99
商家id:4438,出货量:636
商家id:4096,出货量:145
商家id:2719,出货量:26
商家id:1681,出货量:109
商家id:1810,出货量:748
商家id:3459,出货量:23
商家id:1611,出货量:95
商家id:288,出货量:33
商家id:3186,出货量:16
商家id:2403,出货量:4564
商家id:1117,出货量:304
商家id:2386,出货量:58
商家id:1674,出货量:665
商家id:4846,出货量:82
商家id:1400,出货量:51
商家id:3623,出货量:1586
商家id:2264,出货量:31
商家id:4498,出货量:94
商家id:3836,出货量:72
商家id:633,出货量:58
商家id:1216,出货量:196
商家id:2259,出货量:62
商家id:3332,出货量:182
商家id:4339,出货量:181
商家id:3934,出货量:47
商家id:2642,出货量:116
商家id:1350,出货量:298
商家id:2468,出货量:2907
商家id:712,出货量:24
商家id:148,出货量:1071
商家id:589,出货量:41
商家id:2183,出货量:62
商家id:244,出货量:63
商家id:73,出货量:113
商家id:4111,出货量:296
商家id:4801,出货量:25
商家id:2112,出货量:160
商家id:4600,出货量:310
商家id:4670,出货量:67
商家id:4174,出货量:35
商家id:900,出货量:269
商家id:3464,出货量:14
商家id:4007,出货量:95
商家id:2336,出货量:3340
商家id:1624,出货量:43
商家id:4391,出货量:247
商家id:3502,出货量:259
商家id:3923,出货量:67
商家id:3687,出货量:124
商家id:2234,出货量:62
商家id:1297,出货量:147
商家id:537,出货量:113
商家id:3842,出货量:40
商家id:409,出货量:28
商家id:474,出货量:2968
商家id:4483,出货量:222
商家id:297,出货量:182
商家id:3375,出货量:26
商家id:2373,出货量:229
商家id:4303,出货量:59
商家id:3592,出货量:101
商家id:3920,出货量:97
商家id:3503,出货量:33
商家id:4664,出货量:56
商家id:1162,出货量:546
商家id:217,出货量:18
商家id:599,出货量:217
商家id:2113,出货量:94
商家id:336,出货量:63
商家id:609,出货量:555
商家id:1200,出货量:1981
商家id:634,出货量:37
商家id:1787,出货量:91
商家id:133,出货量:526
商家id:3048,出货量:146
商家id:3415,出货量:111
商家id:65,出货量:134
商家id:4634,出货量:55
商家id:4346,出货量:383
商家id:3304,出货量:145
商家id:2389,出货量:98
商家id:3676,出货量:22
商家id:250,出货量:257
商家id:4062,出货量:85
商家id:4802,出货量:78
商家id:1811,出货量:59
商家id:2228,出货量:130
商家id:1680,出货量:188
商家id:156,出货量:78
商家id:2079,出货量:97
商家id:475,出货量:17
商家id:1179,出货量:78
商家id:3187,出货量:30
商家id:2400,出货量:41
商家id:1116,出货量:407
商家id:247,出货量:106
商家id:1675,出货量:61
商家id:4847,出货量:2018
商家id:1528,出货量:117
商家id:1294,出货量:17
商家id:408,出货量:97
商家id:4691,出货量:38
商家id:3622,出货量:365
商家id:2723,出货量:160
商家id:1217,出货量:65
商家id:4095,出货量:67
商家id:4336,出货量:642
商家id:2819,出货量:39
商家id:3937,出货量:199
商家id:2643,出货量:84
商家id:1357,出货量:345
商家id:3018,出货量:187
商家id:711,出货量:54
商家id:2469,出货量:117
商家id:2182,出货量:37
商家id:3331,出货量:79
商家id:1630,出货量:35
商家id:72,出货量:113
商家id:128,出货量:33
商家id:149,出货量:31
商家id:4601,出货量:175
商家id:4175,出货量:190
商家id:3249,出货量:174
商家id:901,出货量:45
商家id:3463,出货量:260
商家id:2337,出货量:41
商家id:4075,出货量:57
商家id:1407,出货量:266
商家id:4392,出货量:109
商家id:3374,出货量:104
商家id:3686,出货量:476
商家id:2237,出货量:122
商家id:2396,出货量:128
商家id:536,出货量:67
商家id:3837,出货量:28
商家id:3845,出货量:1798
商家id:2258,出货量:16
商家id:1762,出货量:151
商家id:294,出货量:56
商家id:2265,出货量:42
商家id:4819,出货量:27
商家id:4302,出货量:72
商家id:214,出货量:55
商家id:3921,出货量:27
商家id:132,出货量:184
商家id:3412,出货量:64
商家id:2401,出货量:99
商家id:1676,出货量:54
商家id:3830,出货量:10
商家id:4337,出货量:92
商家id:3936,出货量:1255
商家id:710,出货量:372
商家id:4031,出货量:19
商家id:3330,出货量:14
商家id:129,出货量:97
商家id:3248,出货量:40
商家id:1406,出货量:24
商家id:2397,出货量:1745
商家id:535,出货量:223
商家id:3844,出货量:263
商家id:2257,出货量:99
商家id:295,出货量:73
商家id:598,出货量:3761
商家id:3305,出货量:151
商家id:3677,出货量:1625
商家id:4803,出货量:391
商家id:3579,出货量:96
商家id:2078,出货量:175
商家id:2388,出货量:425
商家id:1529,出货量:55
商家id:4063,出货量:41
商家id:2644,出货量:165
商家id:4620,出货量:62
商家id:246,出货量:323
商家id:4758,出货量:22
商家id:3019,出货量:136
商家id:906,出货量:166
商家id:3462,出货量:442
商家id:4818,出货量:2365
商家id:3504,出货量:29
商家id:4743,出货量:57
商家id:2169,出货量:22
商家id:3591,出货量:59
商家id:331,出货量:981
商家id:66,出货量:2748
商家id:4345,出货量:57
商家id:251,出货量:133
商家id:1631,出货量:30
商家id:3368,出货量:652
商家id:1731,出货量:22
商家id:4949,出货量:700
商家id:2114,出货量:98
商家id:635,出货量:479
商家id:1214,出货量:19
商家id:2818,出货量:1189
商家id:2181,出货量:399
商家id:4176,出货量:36
商家id:4074,出货量:42
商家id:3373,出货量:27
商家id:3685,出货量:175
商家id:1106,出货量:41
商家id:2639,出货量:2170
商家id:1163,出货量:122
商家id:159,出货量:141
商家id:608,出货量:1583
商家id:1203,出货量:2303
商家id:2345,出货量:78
商家id:4690,出货量:88
商家id:1812,出货量:64
商家id:2229,出货量:382
商家id:4512,出货量:262
商家id:3180,出货量:73
商家id:1119,出货量:65
商家id:4840,出货量:123
商家id:1295,出货量:26
商家id:4259,出货量:34
商家id:2722,出货量:106
商家id:4094,出货量:2426
商家id:3625,出货量:30
商家id:1178,出货量:75
商家id:71,出货量:383
商家id:2088,出货量:33
商家id:2338,出货量:154
商家id:4665,出货量:21
商家id:4393,出货量:21
商家id:1809,出货量:75
商家id:2236,出货量:290
商家id:1683,出货量:37
商家id:1356,出货量:933
商家id:1763,出货量:95
商家id:4080,出货量:57
商家id:4301,出货量:30
商家id:3590,出货量:58
商家id:3926,出货量:130
商家id:2638,出货量:63
商家id:1730,出货量:27
商家id:4258,出货量:135
商家id:762,出货量:33
商家id:158,出货量:1312
商家id:2256,出货量:55
商家id:330,出货量:54
商家id:1202,出货量:49
商家id:131,出货量:238
商家id:215,出货量:423
商家id:3413,出货量:20
商家id:67,出货量:133
商家id:1808,出货量:199
商家id:3302,出货量:96
商家id:3674,出货量:124
商家id:3831,出货量:38
商家id:2344,出货量:53
商家id:4060,出货量:116
商家id:4344,出货量:47
商家id:4804,出货量:15
商家id:2721,出货量:2104
商家id:2115,出货量:79
商家id:1813,出货量:29
商家id:2983,出货量:122
商家id:4513,出货量:137
商家id:4948,出货量:37
商家id:2089,出货量:32
商家id:1682,出货量:143
商家id:3181,出货量:259
商家id:6,出货量:22
商家id:1118,出货量:22
商家id:1677,出货量:372
商家id:4841,出货量:206
商家id:1405,出货量:63
商家id:3372,出货量:36
商家id:775,出货量:43
商家id:2213,出货量:1050
商家id:4208,出货量:38
商家id:1878,出货量:271
商家id:636,出货量:61
商家id:1215,出货量:12
商家id:4759,出货量:53
商家id:4334,出货量:64
商家id:3931,出货量:130
商家id:4693,出货量:354
商家id:1355,出货量:99
商家id:3624,出货量:422
商家id:2645,出货量:63
商家id:4030,出货量:67
商家id:2180,出货量:180
商家id:241,出货量:256
商家id:2226,出货量:65
商家id:3649,出货量:106
商家id:70,出货量:46
商家id:4541,出货量:28
商家id:3578,出货量:3383
商家id:2998,出货量:80
商家id:3369,出货量:49
商家id:4177,出货量:85
商家id:4077,出货量:69
商家id:907,出货量:62
商家id:3461,出货量:171
商家id:4621,出货量:29
商家id:2339,出货量:287
商家id:1629,出货量:46
商家id:4394,出货量:2662
商家id:3505,出货量:11
商家id:3684,出货量:36
商家id:256,出货量:58
商家id:1107,出货量:41
商家id:2394,出货量:140
商家id:534,出货量:619
商家id:2168,出货量:404
商家id:3847,出货量:86
商家id:4742,出货量:61
商家id:3337,出货量:44
商家id:1760,出货量:4189
商家id:1632,出货量:104
商家id:292,出货量:24
商家id:4666,出货量:164
商家id:4300,出货量:18
商家id:212,出货量:150
商家id:3927,出货量:33
商家id:763,出货量:133
商家id:130,出货量:45
商家id:3410,出货量:210
商家id:1,出货量:8475
商家id:1942,出货量:33
商家id:3999,出货量:32
商家id:1670,出货量:52
商家id:3832,出货量:16
商家id:4335,出货量:257
商家id:3930,出货量:163
商家id:4033,出货量:98
商家id:3336,出货量:30
商家id:3648,出货量:22
商家id:3139,出货量:1518
商家id:2999,出货量:141
商家id:2395,出货量:149
商家id:533,出货量:240
商家id:3846,出货量:37
商家id:2255,出货量:369
商家id:293,出货量:1110
商家id:1628,出货量:104
商家id:3829,出货量:53
商家id:4209,出货量:134
商家id:82,出货量:163
商家id:3303,出货量:136
商家id:3675,出货量:67
商家id:4805,出货量:67
商家id:2982,出货量:472
商家id:528,出货量:36
商家id:1404,出货量:197
商家id:4622,出货量:631
商家id:4061,出货量:75
商家id:4358,出货量:87
商家id:2646,出货量:316
商家id:4540,出货量:283
商家id:904,出货量:63
商家id:3460,出货量:1130
商家id:3506,出货量:63
商家id:1733,出货量:116
商家id:240,出货量:36
商家id:1227,出货量:32
商家id:3597,出货量:31
商家id:333,出货量:80
商家id:68,出货量:249
商家id:4639,出货量:57
商家id:4343,出货量:40
商家id:257,出货量:139
商家id:1879,出货量:113
商家id:2569,出货量:1572
商家id:1633,出货量:32
商家id:3690,出货量:28
商家id:4741,出货量:206
商家id:979,出货量:67
商家id:656,出货量:29
商家id:2116,出货量:1169
商家id:637,出货量:65
商家id:1354,出货量:63
商家id:2187,出货量:138
商家id:91,出货量:30
商家id:2212,出货量:30
商家id:4170,出货量:2977
商家id:4076,出货量:78
商家id:3371,出货量:203
商家id:1104,出货量:304
商家id:4081,出货量:51
商家id:3638,出货量:102
商家id:2347,出货量:33
商家id:4692,出货量:20
商家id:2227,出货量:7
商家id:4510,出货量:28
商家id:2741,出货量:172
商家id:3182,出货量:18
商家id:4842,出货量:104
商家id:774,出货量:90
商家id:2720,出货量:161
商家id:3627,出货量:180
商家id:2972,出货量:81
商家id:4667,出货量:127
商家id:4395,出货量:136
商家id:1685,出货量:42
商家id:478,出货量:228
商家id:1761,出货量:142
商家id:3199,出货量:71
商家id:4307,出货量:44
商家id:213,出货量:99
商家id:3924,出货量:48
商家id:760,出货量:575
商家id:137,出货量:128
商家id:3411,出货量:217
商家id:1943,出货量:281
商家id:3856,出货量:99
商家id:2921,出货量:64
商家id:3998,出货量:52
商家id:1671,出货量:88
商家id:3833,出货量:248
商家id:4332,出货量:93
商家id:3933,出货量:75
商家id:4032,出货量:187
商家id:3335,出货量:109
商家id:3647,出货量:510
商家id:3138,出货量:71
商家id:2392,出货量:19
商家id:532,出货量:81
商家id:1410,出货量:195
商家id:2254,出货量:78
商家id:4488,出货量:47
商家id:290,出货量:36
商家id:3828,出货量:11800
商家id:83,出货量:66
商家id:3300,出货量:143
商家id:3474,出货量:93
商家id:4806,出货量:17
商家id:2981,出货量:1203
商家id:529,出货量:35
商家id:3849,出货量:31
商家id:4623,出货量:34
商家id:4359,出货量:81
商家id:243,出货量:25
商家id:4066,出货量:134
商家id:4543,出货量:69
商家id:2647,出货量:24
商家id:905,出货量:81
商家id:3507,出货量:759
商家id:623,出货量:442
商家id:1226,出货量:37
商家id:1732,出货量:29
商家id:3596,出货量:225
商家id:1340,出货量:2395
商家id:332,出货量:102
商家id:69,出货量:12
商家id:4638,出货量:108
商家id:4342,出货量:133
商家id:254,出货量:188
商家id:2568,出货量:19
商家id:1634,出货量:79
商家id:3691,出货量:18
商家id:4740,出货量:199
商家id:978,出货量:156
商家id:657,出货量:78
商家id:2117,出货量:21
商家id:638,出货量:652
商家id:2186,出货量:22
商家id:1911,出货量:610
商家id:90,出货量:39
商家id:2211,出货量:37
商家id:4171,出货量:1464
商家id:4071,出货量:539
商家id:3370,出货量:79
商家id:1105,出货量:19
商家id:2734,出货量:31
商家id:4082,出货量:53
商家id:3639,出货量:27
商家id:2346,出货量:254
商家id:4695,出货量:536
商家id:2224,出货量:206
商家id:4511,出货量:33
商家id:2740,出货量:45
商家id:3183,出货量:2268
商家id:4843,出货量:31
商家id:777,出货量:406
商家id:4099,出货量:160
商家id:3626,出货量:26
商家id:2973,出货量:51
商家id:4660,出货量:135
商家id:4396,出货量:39
商家id:2538,出货量:52
商家id:1684,出货量:11
商家id:479,出货量:289
商家id:1766,出货量:544
商家id:3198,出货量:51
商家id:622,出货量:242
商家id:1225,出货量:99
商家id:4083,出货量:527
商家id:4306,出货量:138
商家id:3595,出货量:70
商家id:3925,出货量:1126
商家id:3636,出货量:155
商家id:4747,出货量:319
商家id:761,出货量:34
商家id:2920,出货量:21
商家id:2970,出货量:118
商家id:4070,出货量:48
商家id:136,出货量:45
商家id:1910,出货量:534
商家id:4694,出货量:23
商家id:80,出货量:22
商家id:3391,出货量:83
商家id:4341,出货量:18
商家id:255,出货量:321
商家id:3475,出货量:60
商家id:2635,出货量:27
商家id:2341,出货量:292
商家id:4067,出货量:222
商家id:3603,出货量:304
商家id:1735,出货量:27
商家id:3364,出货量:29
商家id:3692,出货量:85
商家id:2225,出货量:103
商家id:4516,出货量:81
商家id:2743,出货量:68
商家id:4169,出货量:130
商家id:2172,出货量:69
商家id:3857,出货量:21
商家id:654,出货量:171
商家id:2248,出货量:66
商家id:210,出货量:10
商家id:1341,出货量:64
商家id:3997,出货量:232
商家id:3301,出货量:163
商家id:1672,出货量:85
商家id:2622,出货量:37
商家id:3885,出货量:255
商家id:776,出货量:160
商家id:531,出货量:10
商家id:300,出货量:147
商家id:639,出货量:364
商家id:1218,出货量:471
商家id:4098,出货量:75
商家id:4333,出货量:271
商家id:242,出货量:68
商家id:3932,出货量:158
商家id:2735,出货量:15
商家id:4035,出货量:303
商家id:2980,出货量:92
商家id:2185,出货量:25
商家id:3334,出货量:65
商家id:3646,出货量:81
商家id:93,出货量:71
商家id:4542,出货量:305
商家id:1635,出货量:73
商家id:3562,出货量:157
商家id:2210,出货量:40
商家id:4624,出货量:35
商家id:4172,出货量:94
商家id:1411,出货量:313
商家id:4489,出货量:30
商家id:4807,出货量:10
商家id:4661,出货量:81
商家id:4397,出货量:25
商家id:3575,出货量:20
商家id:2539,出货量:17
商家id:1102,出货量:8384
商家id:2393,出货量:157
商家id:1687,出货量:1324
商家id:1767,出货量:53
商家id:2165,出货量:29
商家id:3848,出货量:50
商家id:2253,出货量:57
商家id:1940,出货量:34
商家id:291,出货量:559
商家id:4305,出货量:543
商家id:211,出货量:17
商家id:766,出货量:18
商家id:3320,出货量:173
商家id:498,出货量:109
商家id:135,出货量:69
商家id:3258,出货量:88
商家id:1941,出货量:48
商家id:3854,出货量:245
商家id:2249,出货量:29
商家id:281,出货量:44
商家id:3996,出货量:48
商家id:2923,出货量:57
商家id:1673,出货量:345
商家id:3884,出货量:37
商家id:4330,出货量:44
商家id:4034,出货量:73
商家id:3645,出货量:275
商家id:4875,出货量:45
商家id:3563,出货量:78
商家id:3243,出货量:87
商家id:2068,出货量:135
商家id:2390,出货量:106
商家id:530,出货量:88
商家id:1412,出货量:526
商家id:2252,出货量:71
商家id:270,出货量:1974
商家id:81,出货量:80
商家id:3476,出货量:630
商家id:4808,出货量:198
商家id:3574,出货量:69
商家id:2987,出货量:162
商家id:2173,出货量:3075
商家id:2073,出货量:63
商家id:301,出货量:280
商家id:4625,出货量:56
商家id:4545,出货量:372
商家id:4118,出货量:194
商家id:3390,出货量:284
商家id:1636,出货量:124
商家id:3012,出货量:44
商家id:2164,出货量:107
商家id:3759,出货量:38
商家id:621,出货量:196
商家id:1224,出货量:23
商家id:3594,出货量:16
商家id:1342,出货量:379
商家id:2736,出货量:95
商家id:4746,出货量:25
商家id:4340,出货量:118
商家id:4064,出货量:311
商家id:3365,出货量:149
商家id:3693,出货量:252
商家id:1734,出货量:122
商家id:655,出货量:30
商家id:3637,出货量:98
商家id:3602,出货量:325
商家id:1219,出货量:28
商家id:2184,出货量:160
商家id:1913,出货量:206
商家id:92,出货量:150
商家id:1483,出货量:112
商家id:2217,出货量:3100
商家id:4173,出货量:8039
商家id:4073,出货量:443
商家id:1103,出货量:762
商家id:2439,出货量:82
商家id:4084,出货量:179
商家id:2623,出货量:64
商家id:2634,出货量:278
商家id:1168,出货量:463
商家id:3531,出货量:134
商家id:2340,出货量:26
商家id:4697,出货量:86
商家id:2222,出货量:68
商家id:4517,出货量:27
商家id:4168,出货量:46
商家id:2742,出货量:83
商家id:1759,出货量:33
商家id:3917,出货量:70
商家id:771,出货量:34
商家id:2971,出货量:109
商家id:2121,出货量:82
商家id:4662,出货量:287
商家id:1686,出货量:50
商家id:1764,出货量:62
商家id:4304,出货量:72
商家id:767,出货量:57
商家id:3321,出货量:47
商家id:499,出货量:33
商家id:134,出货量:48
商家id:3041,出货量:223
商家id:3259,出货量:56
商家id:1946,出货量:166
商家id:542,出货量:172
商家id:3855,出货量:74
商家id:280,出货量:30
商家id:3995,出货量:277
商家id:1343,出货量:37
商家id:4331,出货量:40
商家id:4037,出货量:69
商家id:3644,出货量:64
商家id:4874,出货量:230
商家id:3560,出货量:59
商家id:3242,出货量:379
商家id:2069,出货量:57
商家id:2391,出货量:236
商家id:1413,出货量:70
商家id:2251,出货量:57
商家id:319,出货量:35
商家id:1482,出货量:238
商家id:86,出货量:323
商家id:3477,出货量:232
商家id:4809,出货量:48
商家id:3577,出货量:148
商家id:2986,出货量:91
商家id:2170,出货量:138
商家id:2072,出货量:364
商家id:3580,出货量:183
商家id:302,出货量:243
商家id:4626,出货量:17
商家id:4354,出货量:137
商家id:4544,出货量:48
商家id:4119,出货量:27
商家id:3393,出货量:26
商家id:1728,出货量:789
商家id:3013,出货量:173
商家id:908,出货量:86
商家id:1637,出货量:859
商家id:2167,出货量:240
商家id:3758,出货量:608
商家id:620,出货量:51
商家id:1223,出货量:132
商家id:2922,出货量:58
商家id:2190,出货量:13
商家id:2438,出货量:83
商家id:1737,出货量:520
商家id:4065,出货量:51
商家id:3366,出货量:168
商家id:3694,出货量:25
商家id:4745,出货量:344
商家id:652,出货量:395
商家id:3634,出货量:58
商家id:2620,出货量:139
商家id:469,出货量:183
商家id:1169,出货量:36
商家id:1912,出货量:33
商家id:95,出货量:88
商家id:3887,出货量:335
商家id:2216,出货量:289
商家id:4529,出货量:57
商家id:271,出货量:92
商家id:4072,出货量:301
商家id:1100,出货量:137
商家id:2737,出货量:70
商家id:4085,出货量:73
商家id:2637,出货量:186
商家id:3601,出货量:78
商家id:3530,出货量:22
商家id:2343,出货量:61
商家id:4696,出货量:280
商家id:1818,出货量:137
商家id:2223,出货量:3473
商家id:4514,出货量:104
商家id:1696,出货量:22
商家id:2745,出货量:341
商家id:1758,出货量:39
商家id:201,出货量:94
商家id:3916,出货量:38
商家id:770,出货量:60
商家id:3708,出货量:64
商家id:2976,出货量:113
商家id:2120,出货量:149
商家id:2082,出货量:438
商家id:4663,出货量:83
商家id:1579,出货量:46
商家id:1689,出货量:238
商家id:1765,出货量:325
商家id:3928,出货量:27
商家id:764,出货量:17
商家id:3322,出货量:25
商家id:3658,出货量:62
商家id:4789,出货量:190
商家id:3040,出货量:62
商家id:1947,出货量:31
商家id:543,出货量:32
商家id:3852,出货量:90
商家id:283,出货量:68
商家id:3994,出货量:51
商家id:2408,出货量:54
商家id:2925,出货量:157
商家id:4036,出货量:86
商家id:3339,出货量:43
商家id:3643,出货量:36
商家id:4877,出货量:100
商家id:3561,出货量:282
商家id:3241,出货量:66
商家id:1414,出货量:57
商家id:2250,出货量:40
商家id:318,出货量:746
商家id:1481,出货量:199
商家id:4558,出货量:1226
商家id:4202,出货量:37
商家id:87,出货量:52
商家id:3470,出货量:13
商家id:3576,出货量:224
商家id:2985,出货量:112
商家id:2171,出货量:194
商家id:2071,出货量:60
商家id:3581,出货量:25
商家id:1339,出货量:115
商家id:303,出货量:20
商家id:4627,出货量:31
商家id:4355,出货量:1417
商家id:4547,出货量:227
商家id:1645,出货量:16
商家id:3392,出货量:362
商家id:1729,出货量:58
商家id:3010,出货量:63
商家id:909,出货量:370
商家id:2166,出货量:15
商家id:627,出货量:70
商家id:1222,出货量:34
商家id:1344,出货量:54
商家id:2191,出货量:13
商家id:4744,出货量:540
商家id:1588,出货量:264
商家id:1638,出货量:78
商家id:3367,出货量:93
商家id:3695,出货量:67
商家id:1736,出货量:181
商家id:182,出货量:17
商家id:653,出货量:520
商家id:1469,出货量:69
商家id:4057,出货量:99
商家id:3600,出货量:385
商家id:468,出货量:264
商家id:1915,出货量:13
商家id:94,出货量:120
商家id:4686,出货量:583
商家id:3886,出货量:38
商家id:2215,出货量:80
商家id:4528,出货量:455
商家id:272,出货量:46
商家id:1101,出货量:24
商家id:2730,出货量:379
商家id:4086,出货量:141
商家id:3635,出货量:1215
商家id:3533,出货量:75
商家id:2621,出货量:48
商家id:2342,出货量:49
商家id:4699,出货量:95
商家id:1819,出货量:155
商家id:2220,出货量:94
商家id:4515,出货量:41
商家id:1697,出货量:21
商家id:2744,出货量:259
商家id:1757,出货量:231
商家id:4310,出货量:281
商家id:200,出货量:298
商家id:3915,出货量:205
商家id:773,出货量:822
商家id:3709,出货量:90
商家id:2977,出货量:58
商家id:2123,出货量:33
商家id:2083,出货量:118
商家id:1578,出货量:37
商家id:1688,出货量:177
商家id:2636,出货量:144
商家id:3929,出货量:121
商家id:765,出货量:39
商家id:4026,出货量:544
商家id:3323,出货量:1596
商家id:3659,出货量:950
商家id:4788,出货量:49
商家id:3043,出货量:53
商家id:1944,出货量:552
商家id:540,出货量:144
商家id:3853,出货量:463
商家id:2244,出货量:64
商家id:282,出货量:350
商家id:3993,出货量:54
商家id:2409,出货量:111
商家id:3838,出货量:20
商家id:2924,出货量:17
商家id:4039,出货量:394
商家id:3338,出货量:25
商家id:3642,出货量:67
商家id:4876,出货量:243
商家id:3566,出货量:98
商家id:3240,出货量:86
商家id:1415,出货量:180
商家id:4655,出货量:248
商家id:273,出货量:57
商家id:4559,出货量:23
商家id:4203,出货量:54
商家id:84,出货量:523
商家id:1713,出货量:275
商家id:3471,出货量:349
商家id:3571,出货量:412
商家id:2984,出货量:44
商家id:2176,出货量:514
商家id:2070,出货量:136
商家id:3582,出货量:34
商家id:1338,出货量:647
商家id:304,出货量:34
商家id:4628,出货量:134
商家id:4356,出货量:113
商家id:4546,出货量:954
商家id:4056,出货量:69
商家id:3395,出货量:847
商家id:4750,出货量:165
商家id:3011,出货量:24
商家id:2161,出货量:280
商家id:626,出货量:109
商家id:1221,出货量:110
商家id:3599,出货量:103
商家id:1345,出货量:74
商家id:2192,出货量:149
商家id:1589,出货量:58
商家id:1639,出货量:152
商家id:3360,出货量:239
商家id:3696,出货量:44
商家id:183,出货量:65
商家id:2974,出货量:22
商家id:650,出货量:61
商家id:1468,出货量:80
商家id:3607,出货量:262
商家id:1644,出货量:672
商家id:3632,出货量:81
商家id:2189,出货量:89
商家id:1914,出货量:59
商家id:97,出货量:60
商家id:4687,出货量:734
商家id:3881,出货量:122
商家id:2214,出货量:29
商家id:4527,出货量:149
商家id:1726,出货量:266
商家id:1480,出货量:3243
商家id:2731,出货量:54
商家id:4087,出货量:124
商家id:2631,出货量:186
商家id:3532,出货量:19
商家id:2949,出货量:135
商家id:2626,出货量:69
商家id:4698,出货量:179
商家id:2221,出货量:211
商家id:1694,出货量:26
商家id:2747,出货量:378
商家id:1756,出货量:15
商家id:3188,出货量:37
商家id:4311,出货量:654
商家id:203,出货量:186
商家id:3914,出货量:365
商家id:772,出货量:47
商家id:4251,出货量:378
商家id:79,出货量:89
商家id:2122,出货量:148
商家id:1979,出货量:331
商家id:2080,出货量:17
商家id:3988,出货量:77
商家id:4309,出货量:74
商家id:4027,出货量:54
商家id:3324,出货量:24
商家id:4787,出货量:233
商家id:139,出货量:248
商家id:3042,出货量:876
商家id:1945,出货量:78
商家id:541,出货量:1001
商家id:3850,出货量:44
商家id:2245,出货量:16
商家id:285,出货量:245
商家id:3992,出货量:213
商家id:3839,出货量:949
商家id:4563,出货量:19
商家id:2927,出货量:68
商家id:4038,出货量:20
商家id:3641,出货量:28
商家id:1069,出货量:55
商家id:4871,出货量:1817
商家id:3567,出货量:150
商家id:2990,出货量:54
商家id:3247,出货量:51
商家id:1416,出货量:52
商家id:4654,出货量:99
商家id:1487,出货量:3178
商家id:4556,出货量:29
商家id:4200,出货量:216
商家id:85,出货量:96
商家id:1712,出货量:149
商家id:3472,出货量:1650
商家id:3570,出货量:76
商家id:2177,出货量:46
商家id:368,出货量:29
商家id:2077,出货量:127
商家id:3583,出货量:65
商家id:2938,出货量:194
商家id:305,出货量:1122
商家id:4629,出货量:76
商家id:4357,出货量:126
商家id:249,出货量:21
商家id:784,出货量:135
商家id:4055,出货量:28
商家id:3394,出货量:65
商家id:4751,出货量:557
商家id:3016,出货量:1224
商家id:3469,出货量:263
商家id:1241,出货量:30
商家id:2160,出货量:58
商家id:625,出货量:453
商家id:1220,出货量:14
商家id:3598,出货量:158
商家id:1346,出货量:3339
商家id:2193,出货量:2237
商家id:1908,出货量:73
商家id:2200,出货量:164
商家id:4068,出货量:24
商家id:3361,出货量:112
商家id:3697,出货量:325
商家id:180,出货量:35
商家id:651,出货量:479
商家id:2975,出货量:93
商家id:3606,出货量:126
商家id:1647,出货量:132
商家id:3633,出货量:45
商家id:2188,出货量:76
商家id:1917,出货量:17
商家id:96,出货量:224
商家id:4684,出货量:111
商家id:3880,出货量:145
商家id:494,出货量:48
商家id:4526,出货量:54
商家id:2699,出货量:868
商家id:1727,出货量:1985
商家id:274,出货量:32
商家id:740,出货量:569
商家id:2732,出货量:26
商家id:4088,出货量:96
商家id:2630,出货量:158
商家id:3535,出货量:100
商家id:2948,出货量:12
商家id:2627,出货量:16
商家id:1695,出货量:83
商家id:2746,出货量:588
商家id:1755,出货量:194
商家id:3189,出货量:452
商家id:4312,出货量:114
商家id:202,出货量:185
商家id:3913,出货量:62
商家id:4250,出货量:53
商家id:2729,出货量:42
商家id:78,出货量:156
商家id:2125,出货量:497
商家id:1978,出货量:896
商家id:2081,出货量:308
商家id:3989,出货量:41
商家id:2532,出货量:294
商家id:4308,出货量:121
商家id:4479,出货量:106
商家id:4024,出货量:285
商家id:3325,出货量:62
商家id:4786,出货量:31
商家id:138,出货量:37
商家id:3045,出货量:976
商家id:3418,出货量:184
商家id:24,出货量:148
商家id:546,出货量:929
商家id:3851,出货量:222
商家id:2246,出货量:643
商家id:284,出货量:593
商家id:3991,出货量:120
商家id:4562,出货量:122
商家id:2926,出货量:177
商家id:3640,出货量:651
商家id:1068,出货量:161
商家id:4870,出货量:32
商家id:3564,出货量:17
商家id:2991,出货量:198
商家id:3246,出货量:50
商家id:829,出货量:240
商家id:1417,出货量:9
商家id:4657,出货量:104
商家id:275,出货量:172
商家id:495,出货量:49
商家id:4557,出货量:56
商家id:4201,出货量:46
商家id:1711,出货量:21
商家id:3473,出货量:594
商家id:3573,出货量:30
商家id:2174,出货量:102
商家id:369,出货量:46
商家id:2076,出货量:568
商家id:1234,出货量:219
商家id:3584,出货量:25
商家id:2939,出货量:117
商家id:306,出货量:388
商家id:4350,出货量:26
商家id:248,出货量:307
商家id:785,出货量:159
商家id:1646,出货量:62
商家id:3397,出货量:27
商家id:1724,出货量:765
商家id:3017,出货量:976
商家id:3468,出货量:1333
商家id:641,出货量:106
商家id:1240,出货量:60
商家id:2163,出货量:147
商家id:458,出货量:75
商家id:624,出货量:16
商家id:1347,出货量:77
商家id:2194,出货量:134
商家id:1909,出货量:33
商家id:2201,出货量:18
商家id:2561,出货量:70
商家id:4069,出货量:14
商家id:3362,出货量:66
商家id:1038,出货量:306
商家id:181,出货量:119
商家id:2624,出货量:122
商家id:465,出货量:476
商家id:4054,出货量:24
商家id:3630,出货量:79
商家id:1916,出货量:2290
商家id:11,出货量:457
商家id:4685,出货量:411
商家id:3883,出货量:347
商家id:4525,出货量:1612
商家id:4178,出货量:137
商家id:2756,出货量:48
商家id:2698,出货量:302
商家id:4752,出货量:1673
商家id:1486,出货量:136
商家id:741,出货量:61
商家id:2733,出货量:19
商家id:4089,出货量:15
商家id:2633,出货量:67
商家id:3534,出货量:27
商家id:2947,出货量:24
商家id:3605,出货量:54
商家id:1692,出货量:237
商家id:2749,出货量:153
商家id:1754,出货量:193
商家id:4313,出货量:31
商家id:205,出货量:117
商家id:3912,出货量:519
商家id:4253,出货量:77
商家id:2728,出货量:27
商家id:2124,出货量:1413
商家id:1977,出货量:47
商家id:2086,出货量:51
商家id:2533,出货量:41
商家id:4478,出货量:93
商家id:4025,出货量:98
商家id:3326,出货量:1269
商家id:3654,出货量:51
商家id:4785,出货量:83
商家id:3044,出货量:111
商家id:3419,出货量:224
商家id:692,出货量:54
商家id:25,出货量:74
商家id:547,出货量:1216
商家id:1465,出货量:33
商家id:2247,出货量:59
商家id:287,出货量:26
商家id:3990,出货量:1729
商家id:4561,出货量:27
商家id:4873,出货量:52
商家id:3565,出货量:28
商家id:2992,出货量:57
商家id:3245,出货量:74
商家id:379,出货量:28
商家id:828,出货量:36
商家id:1322,出货量:326
商家id:4656,出货量:31
商家id:1485,出货量:1031
商家id:4554,出货量:385
商家id:4206,出货量:25
商家id:496,出货量:189
商家id:2785,出货量:32
商家id:1710,出货量:361
商家id:3029,出货量:131
商家id:3572,出货量:248
商家id:1335,出货量:23
商家id:2175,出货量:513
商家id:366,出货量:248
商家id:2075,出货量:118
商家id:1235,出货量:81
商家id:3585,出货量:231
商家id:2936,出货量:496
商家id:307,出货量:25
商家id:1933,出货量:60
商家id:2903,出货量:32
商家id:4351,出货量:125
商家id:786,出货量:1372
商家id:4053,出货量:190
商家id:3396,出货量:200
商家id:4753,出货量:18
商家id:3014,出货量:200
商家id:640,出货量:42
商家id:1243,出货量:86
商家id:2162,出货量:212
商家id:459,出货量:50
商家id:2195,出货量:93
商家id:1906,出货量:18
商家id:2202,出货量:110
商家id:2560,出货量:1297
商家id:3363,出货量:483
商家id:1039,出货量:63
商家id:186,出货量:123
商家id:2428,出货量:29
商家id:2625,出货量:21
商家id:464,出货量:115
商家id:4428,出货量:21
商家id:1641,出货量:966
商家id:2632,出货量:83
商家id:10,出货量:1155
商家id:4682,出货量:68
商家id:3882,出货量:19
商家id:2219,出货量:305
商家id:4524,出货量:79
商家id:4179,出货量:166
商家id:2757,出货量:40
商家id:1748,出货量:73
商家id:2697,出货量:23
商家id:742,出货量:3671
商家id:1725,出货量:77
商家id:276,出货量:94
商家id:2433,出货量:367
商家id:3631,出货量:91
商家id:3537,出货量:135
商家id:2946,出货量:51
商家id:3604,出货量:37
商家id:5,出货量:99
商家id:1693,出货量:79
商家id:2748,出货量:36
商家id:1753,出货量:39
商家id:4314,出货量:24
商家id:204,出货量:59
商家id:3911,出货量:77
商家id:4252,出货量:62
商家id:2127,出货量:126
商家id:1976,出货量:427
商家id:2087,出货量:314
商家id:1472,出货量:1282
商家id:4589,出货量:575
商家id:2530,出货量:166
商家id:3610,出货量:1341
商家id:218,出货量:480
商家id:4022,出货量:493
商家id:3327,出货量:64
商家id:3655,出货量:101
商家id:4784,出货量:44
商家id:3047,出货量:12
商家id:3557,出货量:78
商家id:693,出货量:26
商家id:26,出货量:122
商家id:544,出货量:20
商家id:1464,出货量:146
商家id:2240,出货量:95
商家id:286,出货量:715
商家id:2859,出货量:21
商家id:4560,出货量:146
商家id:4872,出货量:38
商家id:2993,出货量:247
商家id:3244,出货量:21
商家id:2147,出货量:37
商家id:378,出货量:78
商家id:539,出货量:63
商家id:1323,出货量:64
商家id:313,出货量:50
商家id:1236,出货量:1307
商家id:4651,出货量:227
商家id:1484,出货量:114
商家id:4555,出货量:108
商家id:4207,出货量:35
商家id:3386,出货量:14
商家id:2784,出货量:80
商家id:497,出货量:11
商家id:4729,出货量:160
商家id:3028,出货量:425
商家id:1334,出货量:91
商家id:367,出货量:29
商家id:2074,出货量:256
商家id:1139,出货量:71
商家id:3586,出货量:421
商家id:2937,出货量:69
商家id:1932,出货量:57
商家id:4352,出货量:103
商家id:39,出货量:20
商家id:4429,出货量:51
商家id:4052,出货量:120
商家id:3399,出货量:99
商家id:1568,出货量:41
商家id:4754,出货量:50
商家id:3015,出货量:90
商家id:643,出货量:2491
商家id:1242,出货量:170
商家id:2617,出货量:900
商家id:2902,出货量:40
商家id:2196,出货量:66
商家id:1907,出货量:29
商家id:1421,出货量:71
商家id:2203,出货量:130
商家id:4538,出货量:3030
商家id:2563,出货量:57
商家id:187,出货量:146
商家id:2432,出货量:126
商家id:2429,出货量:130
商家id:467,出货量:1852
商家id:787,出货量:13
商家id:3289,出货量:240
商家id:1640,出货量:208
商家id:13,出货量:537
商家id:4683,出货量:30
商家id:2218,出货量:102
商家id:4523,出货量:302
商家id:2754,出货量:12
商家id:1749,出货量:1216
商家id:2696,出货量:76
商家id:743,出货量:98
商家id:1722,出货量:74
商家id:277,出货量:14
商家id:3536,出货量:798
商家id:2945,出货量:136
商家id:2349,出货量:60
商家id:3971,出货量:1930
商家id:1690,出货量:25
商家id:1752,出货量:261
商家id:4315,出货量:37
商家id:207,出货量:1756
商家id:3910,出货量:478
商家id:4255,出货量:255
商家id:3984,出货量:725
商家id:3058,出货量:179
商家id:3702,出货量:52
商家id:1717,出货量:38
商家id:2126,出货量:54
商家id:1975,出货量:225
商家id:2084,出货量:441
商家id:1473,出货量:225
商家id:4588,出货量:34
商家id:1573,出货量:66
商家id:2531,出货量:137
商家id:3611,出货量:59
商家id:219,出货量:1763
商家id:4023,出货量:34
商家id:3328,出货量:86
商家id:3656,出货量:46
商家id:4783,出货量:721
商家id:3046,出货量:188
商家id:4909,出货量:34
商家id:3556,出货量:270
商家id:690,出货量:17
商家id:27,出货量:177
商家id:3970,出货量:815
商家id:3250,出货量:201
商家id:545,出货量:35
商家id:1467,出货量:415
商家id:2241,出货量:189
商家id:2858,出货量:13
商家id:1490,出货量:36
商家id:4567,出货量:923
商家id:4239,出货量:272
商家id:2994,出货量:175
商家id:2146,出货量:31
商家id:2060,出货量:102
商家id:2398,出货量:76
商家id:538,出货量:105
商家id:1320,出货量:31
商家id:312,出货量:69
商家id:1138,出货量:878
商家id:4650,出货量:432
商家id:278,出货量:308
商家id:4552,出货量:121
商家id:4204,出货量:40
商家id:3387,出货量:25
商家id:2787,出货量:103
商家id:4728,出货量:164
商家id:3027,出货量:144
商家id:490,出货量:82
商家id:364,出货量:22
商家id:1337,出货量:162
商家id:1237,出货量:84
商家id:3587,出货量:26
商家id:2934,出货量:283
商家id:1931,出货量:125
商家id:4353,出货量:44
商家id:1849,出货量:85
商家id:38,出货量:92
商家id:780,出货量:512
商家id:1643,出货量:183
商家id:3398,出货量:164
商家id:4755,出货量:132
商家id:642,出货量:67
商家id:1245,出货量:97
商家id:2616,出货量:47
商家id:3751,出货量:188
商家id:629,出货量:249
商家id:3059,出货量:108
商家id:2901,出货量:66
商家id:2808,出货量:139
商家id:2197,出货量:235
商家id:1904,出货量:72
商家id:1420,出货量:59
商家id:2204,出货量:142
商家id:4539,出货量:108
商家id:1582,出货量:192
商家id:2562,出货量:318
商家id:184,出货量:5016
商家id:466,出货量:20
商家id:3526,出货量:629
商家id:3288,出货量:888
商家id:12,出货量:29
商家id:4051,出货量:18
商家id:4680,出货量:100
商家id:4522,出货量:134
商家id:2755,出货量:161
商家id:2695,出货量:79
商家id:3904,出货量:188
商家id:744,出货量:68
商家id:2431,出货量:172
商家id:1723,出货量:94
商家id:3539,出货量:21
商家id:2944,出货量:36
商家id:2136,出货量:496
商家id:878,出货量:21
商家id:2348,出货量:146
商家id:1569,出货量:28
商家id:1691,出货量:28
商家id:1751,出货量:207
商家id:4316,出货量:229
商家id:206,出货量:38
商家id:779,出货量:16
商家id:4254,出货量:309
商家id:3355,出货量:91
商家id:4798,出货量:1840
商家id:1572,出货量:68
商家id:3703,出货量:153
商家id:1716,出货量:85
商家id:263,出货量:46
商家id:2129,出货量:37
商家id:1974,出货量:162
商家id:2085,出货量:117
商家id:1470,出货量:635
商家id:3985,出货量:337
商家id:2536,出货量:72
商家id:3612,出货量:37
商家id:4020,出货量:54
商家id:3329,出货量:165
商家id:3657,出货量:204
商家id:491,出货量:22
商家id:4908,出货量:184
商家id:3555,出货量:126
商家id:691,出货量:38
商家id:20,出货量:370
商家id:3251,出货量:158
商家id:818,出货量:446
商家id:1466,出货量:329
商家id:2242,出货量:1940
商家id:1491,出货量:159
商家id:4566,出货量:693
商家id:4238,出货量:576
商家id:59,出货量:270
商家id:3568,出货量:40
商家id:2995,出货量:277
商家id:2145,出货量:165
商家id:2809,出货量:193
商家id:825,出货量:59
商家id:2061,出货量:72
商家id:2399,出货量:51
商家id:1321,出货量:108
商家id:311,出货量:205
商家id:4653,出货量:48
商家id:279,出货量:576
商家id:4553,出货量:30
商家id:4205,出货量:1665
商家id:3384,出货量:22
商家id:2786,出货量:274
商家id:1715,出货量:469
商家id:3026,出货量:34
商家id:4782,出货量:30
商家id:2178,出货量:84
商家id:365,出货量:64
商家id:2935,出货量:1030
商家id:1230,出货量:149
商家id:3588,出货量:279
商家id:1336,出货量:20
商家id:1930,出货量:21
商家id:1848,出货量:53
商家id:781,出货量:44
商家id:1642,出货量:218
商家id:1720,出货量:55
商家id:4958,出货量:174
商家id:645,出货量:58
商家id:1244,出货量:33
商家id:2615,出货量:69
商家id:3750,出货量:58
商家id:628,出货量:792
商家id:2900,出货量:523
商家id:2198,出货量:30
商家id:1905,出货量:47
商家id:1423,出货量:147
商家id:2205,出货量:88
商家id:1583,出货量:346
商家id:2565,出货量:2453
商家id:185,出货量:134
商家id:2628,出货量:24
商家id:461,出货量:1393
商家id:3527,出货量:11
商家id:2958,出货量:36
商家id:3287,出货量:65
商家id:15,出货量:176
商家id:4681,出货量:36
商家id:4050,出货量:441
商家id:4521,出货量:60
商家id:2752,出货量:252
商家id:2694,出货量:24
商家id:1108,出货量:159
商家id:3905,出货量:109
商家id:745,出货量:105
商家id:4248,出货量:124
商家id:2430,出货量:78
商家id:3063,出货量:374
商家id:4756,出货量:916
商家id:3538,出货量:273
商家id:2943,出货量:51
商家id:2137,出货量:183
商家id:1968,出货量:599
商家id:879,出货量:125
商家id:3973,出货量:50
商家id:3609,出货量:2270
商家id:1750,出货量:217
商家id:4317,出货量:79
商家id:209,出货量:53
商家id:778,出货量:292
商家id:4257,出货量:2995
商家id:3354,出货量:337
商家id:4799,出货量:45
商家id:3056,出货量:35
商家id:3700,出货量:167
商家id:1571,出货量:16
商家id:262,出货量:94
商家id:2128,出货量:1044
商家id:1973,出货量:93
商家id:1471,出货量:38
商家id:3986,出货量:304
商家id:2537,出货量:4549
商家id:3613,出货量:60
商家id:4021,出货量:221
商家id:3650,出货量:251
商家id:492,出货量:200
商家id:3554,出货量:93
商家id:696,出货量:126
商家id:21,出货量:27
商家id:3252,出货量:77
商家id:819,出货量:15
商家id:1461,出货量:2137
商家id:2243,出货量:69
商家id:1492,出货量:104
商家id:4565,出货量:105
商家id:4237,出货量:47
商家id:58,出货量:282
商家id:3569,出货量:17
商家id:2996,出货量:24
商家id:2144,出货量:154
商家id:824,出货量:116
商家id:2062,出货量:344
商家id:1326,出货量:190
商家id:310,出货量:1547
商家id:4652,出货量:105
商家id:1489,出货量:590
商家id:4550,出货量:101
商家id:4044,出货量:12698
商家id:3385,出货量:44
商家id:2781,出货量:1140
商家id:1714,出货量:67
商家id:3025,出货量:22
商家id:3478,出货量:63
商家id:4781,出货量:166
商家id:3589,出货量:35
商家id:2179,出货量:63
商家id:362,出货量:59
商家id:1231,出货量:217
商家id:1331,出货量:130
商家id:2932,出货量:81
商家id:1937,出货量:99
商家id:782,出货量:199
商家id:4757,出货量:39
商家id:4959,出货量:207
商家id:644,出货量:279
商家id:1247,出货量:92
商家id:2614,出货量:47
商家id:3753,出货量:326
商家id:3869,出货量:21
商家id:2907,出货量:29
商家id:1902,出货量:84
商家id:1422,出货量:304
商家id:2206,出货量:1681
商家id:1580,出货量:122
商家id:2564,出货量:192
商家id:2688,出货量:106
商家id:2738,出货量:69
商家id:3608,出货量:75
商家id:460,出货量:64
商家id:3179,出货量:123
商家id:3524,出货量:321
商家id:2959,出货量:787
商家id:3286,出货量:67
商家id:869,出货量:8
商家id:14,出货量:286
商家id:4520,出货量:178
商家id:2753,出货量:453
商家id:1744,出货量:283
商家id:2693,出货量:169
商家id:1109,出货量:39
商家id:4365,出货量:156
商家id:3906,出货量:203
商家id:746,出货量:128
商家id:4249,出货量:254
商家id:2437,出货量:87
商家id:3062,出货量:85
商家id:261,出货量:35
商家id:1721,出货量:165
商家id:2942,出货量:647
商家id:2134,出货量:176
商家id:1969,出货量:19
商家id:876,出货量:40
商家id:4592,出货量:51
商家id:3972,出货量:32
商家id:2509,出货量:15
商家id:2629,出货量:253
商家id:4318,出货量:182
商家id:208,出货量:34
商家id:4256,出货量:418
商家id:3357,出货量:63
商家id:489,出货量:69
商家id:3057,出货量:314
商家id:3701,出货量:227
商家id:2199,出货量:16
商家id:3987,出货量:97
商家id:1972,出货量:103
商家id:1476,出货量:31
商家id:4585,出货量:1594
商家id:1570,出货量:52
商家id:2534,出货量:94
商家id:2613,出货量:141
商家id:3651,出货量:48
商家id:4780,出货量:53
商家id:3128,出货量:1256
商家id:3553,出货量:60
商家id:697,出货量:97
商家id:22,出货量:67
商家id:3253,出货量:24
商家id:548,出货量:84
商家id:1460,出货量:76
商家id:4732,出货量:147
商家id:260,出货量:168
商家id:4564,出货量:154
商家id:4236,出货量:20
商家id:1700,出货量:43
商家id:2997,出货量:38
商家id:2143,出货量:184
商家id:827,出货量:109
商家id:2063,出货量:18
商家id:4899,出货量:229
商家id:1327,出货量:87
商家id:317,出货量:330
商家id:1488,出货量:64
商家id:4551,出货量:53
商家id:4045,出货量:52
商家id:3382,出货量:59
商家id:2780,出货量:170
商家id:4725,出货量:152
商家id:3024,出货量:59
商家id:3479,出货量:29
商家id:1399,出货量:841
商家id:493,出货量:121
商家id:363,出货量:108
商家id:1232,出货量:25
商家id:2933,出货量:70
商家id:1330,出货量:260
商家id:1936,出货量:93
商家id:2578,出货量:19
商家id:783,出货量:128
商家id:647,出货量:48
商家id:1246,出货量:131
商家id:3614,出货量:1030
商家id:3752,出货量:28
商家id:1229,出货量:110
商家id:3868,出货量:81
商家id:1903,出货量:293
商家id:2906,出货量:48
商家id:1425,出货量:361
商家id:2207,出货量:14
商家id:4534,出货量:640
商家id:1581,出货量:672
商家id:2567,出货量:135
商家id:3089,出货量:634
商家id:2689,出货量:15
商家id:1032,出货量:33
商家id:658,出货量:29
商家id:4273,出货量:116
商家id:463,出货量:16
商家id:2739,出货量:88
商家id:3178,出货量:34
商家id:3525,出货量:145
商家id:3285,出货量:23
商家id:868,出货量:312
商家id:17,出货量:18
商家id:3889,出货量:260
商家id:726,出货量:39
商家id:2750,出货量:95
商家id:1745,出货量:73
商家id:2692,出货量:73
商家id:4364,出货量:84
商家id:3907,出货量:150
商家id:747,出货量:769
商家id:4246,出货量:91
商家id:2436,出货量:802
商家id:3061,出货量:89
商家id:2941,出货量:41
商家id:2135,出货量:18
商家id:48,出货量:61
商家id:877,出货量:119
商家id:4593,出货量:74
商家id:3975,出货量:59
商家id:2508,出货量:179
商家id:4319,出货量:133
商家id:3356,出货量:158
商家id:488,出货量:5
商家id:3054,出货量:184
商家id:3706,出货量:1299
商家id:1577,出货量:82
商家id:1971,出货量:47
商家id:1493,出货量:29
商家id:1477,出货量:97
商家id:4584,出货量:208
商家id:3980,出货量:245
商家id:2535,出货量:157
商家id:4570,出货量:75
商家id:3652,出货量:16
商家id:3615,出货量:45
商家id:3129,出货量:84
商家id:3552,出货量:1293
商家id:694,出货量:33
商家id:23,出货量:110
商家id:3254,出货量:24
商家id:2019,出货量:35
商家id:549,出货量:43
商家id:3858,出货量:37
商家id:1701,出货量:5
商家id:267,出货量:868
商家id:4235,出货量:80
商家id:4733,出货量:141
商家id:3038,出货量:88
商家id:1061,出货量:19
商家id:4879,出货量:155
商家id:2142,出货量:53
商家id:826,出货量:333
商家id:2064,出货量:651
商家id:4898,出货量:282
商家id:1324,出货量:104
商家id:316,出货量:227
商家id:2905,出货量:94
商家id:797,出货量:98
商家id:4129,出货量:1476
商家id:3383,出货量:174
商家id:2783,出货量:70
商家id:4724,出货量:563
商家id:3023,出货量:30
商家id:1256,出货量:291
商家id:1398,出货量:56
商家id:360,出货量:151
商家id:1233,出货量:48
商家id:2930,出货量:77
商家id:1333,出货量:29
商家id:1935,出货量:30
商家id:2275,出货量:93
商家id:2579,出货量:703
商家id:4422,出货量:44
商家id:646,出货量:92
商家id:1249,出货量:87
商家id:4189,出货量:21
商家id:2612,出货量:32
商家id:3755,出货量:76
商家id:1228,出货量:714
商家id:4794,出货量:223
商家id:1900,出货量:830
商家id:1424,出货量:33
商家id:2208,出货量:87
商家id:4535,出货量:81
商家id:1586,出货量:1352
商家id:2566,出货量:68
商家id:3088,出货量:120
商家id:1033,出货量:42
商家id:188,出货量:101
商家id:659,出货量:22
商家id:753,出货量:14
商家id:4272,出货量:66
商家id:462,出货量:65
商家id:3522,出货量:47
商家id:3284,出货量:436
商家id:16,出货量:79
商家id:3888,出货量:190
商家id:727,出货量:29
商家id:1463,出货量:47
商家id:2751,出货量:40
商家id:1746,出货量:154
商家id:2691,出货量:76
商家id:4367,出货量:56
商家id:3900,出货量:25
商家id:748,出货量:299
商家id:4247,出货量:38
商家id:2435,出货量:1176
商家id:4761,出货量:16
商家id:3060,出货量:65
商家id:2940,出货量:43
商家id:2132,出货量:61
商家id:49,出货量:33
商家id:874,出货量:228
商家id:4590,出货量:28
商家id:3974,出货量:104
商家id:2507,出货量:44
商家id:1576,出货量:55
商家id:4046,出货量:25
商家id:3351,出货量:139
商家id:487,出货量:46
商家id:3055,出货量:246
商家id:3707,出货量:44
商家id:3229,出货量:14
商家id:1970,出货量:116
商家id:1474,出货量:79
商家id:1494,出货量:705
商家id:4587,出货量:67
商家id:3981,出货量:108
商家id:4571,出货量:190
商家id:4471,出货量:77
商家id:3653,出货量:32
商家id:3616,出货量:32
商家id:3551,出货量:1336
商家id:695,出货量:52
商家id:3255,出货量:375
商家id:2018,出货量:88
商家id:1462,出货量:94
商家id:1702,出货量:22
商家id:1495,出货量:1054
商家id:4234,出货量:1907
商家id:4730,出货量:68
商家id:3039,出货量:45
商家id:55,出货量:41
商家id:1060,出货量:93
商家id:4878,出货量:21
商家id:2141,出货量:173
商家id:821,出货量:82
商家id:2065,出货量:119
商家id:1128,出货量:57
商家id:1325,出货量:33
商家id:315,出货量:57
商家id:2543,出货量:148
商家id:796,出货量:437
商家id:4047,出货量:249
商家id:3380,出货量:42
商家id:2782,出货量:213
商家id:1719,出货量:923
商家id:3022,出货量:2074
商家id:1257,出货量:2890
商家id:1397,出货量:39
商家id:361,出货量:4684
商家id:1133,出货量:443
商家id:2931,出货量:21
商家id:1934,出货量:70
商家id:1332,出货量:216
商家id:2274,出货量:143
商家id:1747,出货量:22
商家id:4299,出货量:35
商家id:33,出货量:117
商家id:4423,出货量:507
商家id:649,出货量:383
商家id:1248,出货量:106
商家id:4188,出货量:960
商家id:2611,出货量:208
商家id:450,出货量:100
商家id:3754,出货量:51
商家id:3298,出货量:103
商家id:4795,出货量:59
商家id:1901,出货量:570
商家id:1427,出货量:191
商家id:2209,出货量:65
商家id:4536,出货量:1027
商家id:2904,出货量:46
商家id:1587,出货量:21
商家id:1030,出货量:20
商家id:189,出货量:131
商家id:2587,出货量:42
商家id:752,出货量:296
商家id:4271,出货量:83
商家id:3523,出货量:84
商家id:2954,出货量:3609
商家id:3283,出货量:71
商家id:1991,出货量:31
商家id:19,出货量:116
商家id:2576,出货量:55
商家id:724,出货量:54
商家id:3859,出货量:2261
商家id:2690,出货量:49
商家id:4366,出货量:74
商家id:3901,出货量:54
商家id:749,出货量:151
商家id:4244,出货量:725
商家id:2434,出货量:57
商家id:4760,出货量:5145
商家id:3067,出货量:251
商家id:3739,出货量:8
商家id:2133,出货量:28
商家id:1964,出货量:867
商家id:875,出货量:38
商家id:4591,出货量:14
商家id:3977,出货量:24
商家id:2506,出货量:541
商家id:4128,出货量:82
商家id:3350,出货量:1906
商家id:486,出货量:24
商家id:3052,出货量:24
商家id:3704,出货量:17
商家id:1285,出货量:171
商家id:3228,出货量:40
商家id:46,出货量:385
商家id:1575,出货量:16
商家id:1475,出货量:183
商家id:4586,出货量:34
商家id:4727,出货量:271
商家id:3982,出货量:104
商家id:266,出货量:74
商家id:1718,出货量:143
商家id:1496,出货量:121
商家id:4572,出货量:30
商家id:4228,出货量:78
商家id:4470,出货量:35
商家id:3550,出货量:38
商家id:3617,出货量:31
商家id:3256,出货量:61
商家id:344,出货量:28
商家id:2910,出货量:123
商家id:4731,出货量:627
商家id:265,出货量:251
商家id:4569,出货量:192
商家id:4233,出货量:61
商家id:2499,出货量:92
商家id:1703,出货量:555
商家id:54,出货量:641
商家id:1063,出货量:88
商家id:2140,出货量:742
商家id:371,出货量:62
商家id:820,出货量:19
商家id:2066,出货量:805
商家id:1129,出货量:94
商家id:314,出货量:227
商家id:1920,出货量:23
商家id:1858,出货量:74
商家id:2542,出货量:49
商家id:795,出货量:33
商家id:4040,出货量:547
商家id:3381,出货量:200
商家id:4726,出货量:143
商家id:3021,出货量:87
商家id:1254,出货量:73
商家id:1396,出货量:91
商家id:3748,出货量:50
商家id:1132,出货量:91
商家id:380,出货量:399
商家id:2277,出货量:490
商家id:4298,出货量:613
商家id:1843,出货量:101
商家id:32,出货量:23
商家id:4420,出货量:237
商家id:1649,出货量:91
商家id:2671,出货量:19
商家id:648,出货量:91
商家id:2610,出货量:48
商家id:451,出货量:8
商家id:3757,出货量:82
商家id:3299,出货量:108
商家id:2802,出货量:160
商家id:4796,出货量:89
商家id:1426,出货量:919
商家id:4537,出货量:64
商家id:1584,出货量:38
商家id:2684,出货量:278
商家id:1031,出货量:1876
商家id:2586,出货量:103
商家id:751,出货量:27
商家id:4270,出货量:990
商家id:2420,出货量:986
商家id:3520,出货量:51
商家id:2955,出货量:58
商家id:3282,出货量:185
商家id:1990,出货量:14
商家id:18,出货量:28
商家id:725,出货量:51
商家id:2577,出货量:159
商家id:1740,出货量:112
商家id:1317,出货量:29
商家id:4361,出货量:167
商家id:3902,出货量:92
商家id:4245,出货量:167
商家id:4763,出货量:72
商家id:3066,出货量:43
商家id:3738,出货量:36
商家id:2130,出货量:27
商家id:47,出货量:54
商家id:872,出货量:57
商家id:1447,出货量:116
商家id:4596,出货量:117
商家id:3976,出货量:42
商家id:2505,出货量:306
商家id:3919,出货量:137
商家id:3353,出货量:119
商家id:485,出货量:82
商家id:3053,出货量:45
商家id:3705,出货量:14
商家id:1284,出货量:56
商家id:1965,出货量:44
商家id:3983,出货量:44
商家id:4581,出货量:57
商家id:1574,出货量:243
商家id:1497,出货量:44
商家id:4573,出货量:37
商家id:4229,出货量:41
商家id:4473,出货量:51
商家id:3257,出货量:16
商家id:2154,出货量:93
商家id:345,出货量:22
商家id:31,出货量:58
商家id:2911,出货量:87
商家id:1316,出货量:21
商家id:2851,出货量:53
商家id:9,出货量:67
商家id:264,出货量:59
商家id:4736,出货量:14
商家id:4568,出货量:266
商家id:4232,出货量:262
商家id:2498,出货量:63
商家id:1704,出货量:1231
商家id:57,出货量:39
商家id:1062,出货量:248
商家id:3979,出货量:568
商家id:370,出货量:60
商家id:823,出货量:447
商家id:2067,出货量:36
商家id:2604,出货量:55
商家id:1921,出货量:29
商家id:4659,出货量:3680
商家id:1859,出货量:31
商家id:2541,出货量:276
商家id:794,出货量:1024
商家id:4041,出货量:254
商家id:4721,出货量:19
商家id:3020,出货量:29
商家id:1255,出货量:67
商家id:1395,出货量:42
商家id:3665,出货量:257
商家id:449,出货量:463
商家id:3749,出货量:43
商家id:1131,出货量:1658
商家id:381,出货量:45
商家id:1436,出货量:41
商家id:2276,出货量:56
商家id:1842,出货量:21
商家id:2574,出货量:37
商家id:4421,出货量:326
商家id:1648,出货量:175
商家id:3092,出货量:263
商家id:2670,出货量:93
商家id:4952,出货量:25
商家id:3618,出货量:85
商家id:452,出货量:32
商家id:3756,出货量:93
商家id:2803,出货量:78
商家id:4797,出货量:214
商家id:1429,出货量:129
商家id:4530,出货量:23
商家id:1585,出货量:359
商家id:3085,出货量:942
商家id:2685,出货量:11
商家id:1036,出货量:32
商家id:2585,出货量:27
商家id:750,出货量:52
商家id:4277,出货量:97
商家id:2421,出货量:10
商家id:168,出货量:1616
商家id:3521,出货量:111
商家id:2956,出货量:1136
商家id:3281,出货量:11
商家id:1993,出货量:94
商家id:3966,出货量:35
商家id:722,出货量:66
商家id:1741,出货量:1167
商家id:559,出货量:33
商家id:4360,出货量:35
商家id:3903,出货量:39
商家id:4242,出货量:51
商家id:4762,出货量:63
商家id:3065,出货量:141
商家id:3737,出货量:66
商家id:2131,出货量:66
商家id:1966,出货量:149
商家id:873,出货量:30
商家id:1446,出货量:267
商家id:4597,出货量:227
商家id:1560,出货量:88
商家id:2504,出货量:53
商家id:1698,出货量:95
商家id:3918,出货量:557
商家id:3352,出货量:54
商家id:484,出货量:153
商家id:3050,出货量:48
商家id:3544,出货量:144
商家id:1287,出货量:14
商家id:4580,出货量:105
商家id:44,出货量:183
